hex,value,name,category,subcategory,description,assigned
0011A000,1155072,UNASSIGNED,bancode,,,False
0011A001,1155073,UNASSIGNED,bancode,,,False
0011A002,1155074,UNASSIGNED,bancode,,,False
0011A003,1155075,UNASSIGNED,bancode,,,False
0011A004,1155076,UNASSIGNED,bancode,,,False
0011A005,1155077,UNASSIGNED,bancode,,,False
0011A006,1155078,UNASSIGNED,bancode,,,False
0011A007,1155079,UNASSIGNED,bancode,,,False
0011A008,1155080,UNASSIGNED,bancode,,,False
0011A009,1155081,UNASSIGNED,bancode,,,False
0011A00A,1155082,UNASSIGNED,bancode,,,False
0011A00B,1155083,UNASSIGNED,bancode,,,False
0011A00C,1155084,UNASSIGNED,bancode,,,False
0011A00D,1155085,UNASSIGNED,bancode,,,False
0011A00E,1155086,UNASSIGNED,bancode,,,False
0011A00F,1155087,UNASSIGNED,bancode,,,False
0011A010,1155088,UNASSIGNED,bancode,,,False
0011A011,1155089,UNASSIGNED,bancode,,,False
0011A012,1155090,UNASSIGNED,bancode,,,False
0011A013,1155091,UNASSIGNED,bancode,,,False
0011A014,1155092,UNASSIGNED,bancode,,,False
0011A015,1155093,UNASSIGNED,bancode,,,False
0011A016,1155094,UNASSIGNED,bancode,,,False
0011A017,1155095,UNASSIGNED,bancode,,,False
0011A018,1155096,UNASSIGNED,bancode,,,False
0011A019,1155097,UNASSIGNED,bancode,,,False
0011A01A,1155098,UNASSIGNED,bancode,,,False
0011A01B,1155099,UNASSIGNED,bancode,,,False
0011A01C,1155100,UNASSIGNED,bancode,,,False
0011A01D,1155101,UNASSIGNED,bancode,,,False
0011A01E,1155102,UNASSIGNED,bancode,,,False
0011A01F,1155103,UNASSIGNED,bancode,,,False
0011A020,1155104,UNASSIGNED,bancode,,,False
0011A021,1155105,UNASSIGNED,bancode,,,False
0011A022,1155106,UNASSIGNED,bancode,,,False
0011A023,1155107,UNASSIGNED,bancode,,,False
0011A024,1155108,UNASSIGNED,bancode,,,False
0011A025,1155109,UNASSIGNED,bancode,,,False
0011A026,1155110,UNASSIGNED,bancode,,,False
0011A027,1155111,UNASSIGNED,bancode,,,False
0011A028,1155112,UNASSIGNED,bancode,,,False
0011A029,1155113,UNASSIGNED,bancode,,,False
0011A02A,1155114,UNASSIGNED,bancode,,,False
0011A02B,1155115,UNASSIGNED,bancode,,,False
0011A02C,1155116,UNASSIGNED,bancode,,,False
0011A02D,1155117,UNASSIGNED,bancode,,,False
0011A02E,1155118,UNASSIGNED,bancode,,,False
0011A02F,1155119,UNASSIGNED,bancode,,,False
0011A030,1155120,UNASSIGNED,bancode,,,False
0011A031,1155121,UNASSIGNED,bancode,,,False
0011A032,1155122,UNASSIGNED,bancode,,,False
0011A033,1155123,UNASSIGNED,bancode,,,False
0011A034,1155124,UNASSIGNED,bancode,,,False
0011A035,1155125,UNASSIGNED,bancode,,,False
0011A036,1155126,UNASSIGNED,bancode,,,False
0011A037,1155127,UNASSIGNED,bancode,,,False
0011A038,1155128,UNASSIGNED,bancode,,,False
0011A039,1155129,UNASSIGNED,bancode,,,False
0011A03A,1155130,UNASSIGNED,bancode,,,False
0011A03B,1155131,UNASSIGNED,bancode,,,False
0011A03C,1155132,UNASSIGNED,bancode,,,False
0011A03D,1155133,UNASSIGNED,bancode,,,False
0011A03E,1155134,UNASSIGNED,bancode,,,False
0011A03F,1155135,UNASSIGNED,bancode,,,False
0011A040,1155136,UNASSIGNED,bancode,,,False
0011A041,1155137,UNASSIGNED,bancode,,,False
0011A042,1155138,UNASSIGNED,bancode,,,False
0011A043,1155139,UNASSIGNED,bancode,,,False
0011A044,1155140,UNASSIGNED,bancode,,,False
0011A045,1155141,UNASSIGNED,bancode,,,False
0011A046,1155142,UNASSIGNED,bancode,,,False
0011A047,1155143,UNASSIGNED,bancode,,,False
0011A048,1155144,UNASSIGNED,bancode,,,False
0011A049,1155145,UNASSIGNED,bancode,,,False
0011A04A,1155146,UNASSIGNED,bancode,,,False
0011A04B,1155147,UNASSIGNED,bancode,,,False
0011A04C,1155148,UNASSIGNED,bancode,,,False
0011A04D,1155149,UNASSIGNED,bancode,,,False
0011A04E,1155150,UNASSIGNED,bancode,,,False
0011A04F,1155151,UNASSIGNED,bancode,,,False
0011A050,1155152,UNASSIGNED,bancode,,,False
0011A051,1155153,UNASSIGNED,bancode,,,False
0011A052,1155154,UNASSIGNED,bancode,,,False
0011A053,1155155,UNASSIGNED,bancode,,,False
0011A054,1155156,UNASSIGNED,bancode,,,False
0011A055,1155157,UNASSIGNED,bancode,,,False
0011A056,1155158,UNASSIGNED,bancode,,,False
0011A057,1155159,UNASSIGNED,bancode,,,False
0011A058,1155160,UNASSIGNED,bancode,,,False
0011A059,1155161,UNASSIGNED,bancode,,,False
0011A05A,1155162,UNASSIGNED,bancode,,,False
0011A05B,1155163,UNASSIGNED,bancode,,,False
0011A05C,1155164,UNASSIGNED,bancode,,,False
0011A05D,1155165,UNASSIGNED,bancode,,,False
0011A05E,1155166,UNASSIGNED,bancode,,,False
0011A05F,1155167,UNASSIGNED,bancode,,,False
0011A060,1155168,UNASSIGNED,bancode,,,False
0011A061,1155169,UNASSIGNED,bancode,,,False
0011A062,1155170,UNASSIGNED,bancode,,,False
0011A063,1155171,UNASSIGNED,bancode,,,False
0011A064,1155172,UNASSIGNED,bancode,,,False
0011A065,1155173,UNASSIGNED,bancode,,,False
0011A066,1155174,UNASSIGNED,bancode,,,False
0011A067,1155175,UNASSIGNED,bancode,,,False
0011A068,1155176,UNASSIGNED,bancode,,,False
0011A069,1155177,UNASSIGNED,bancode,,,False
0011A06A,1155178,UNASSIGNED,bancode,,,False
0011A06B,1155179,UNASSIGNED,bancode,,,False
0011A06C,1155180,UNASSIGNED,bancode,,,False
0011A06D,1155181,UNASSIGNED,bancode,,,False
0011A06E,1155182,UNASSIGNED,bancode,,,False
0011A06F,1155183,UNASSIGNED,bancode,,,False
0011A070,1155184,UNASSIGNED,bancode,,,False
0011A071,1155185,UNASSIGNED,bancode,,,False
0011A072,1155186,UNASSIGNED,bancode,,,False
0011A073,1155187,UNASSIGNED,bancode,,,False
0011A074,1155188,UNASSIGNED,bancode,,,False
0011A075,1155189,UNASSIGNED,bancode,,,False
0011A076,1155190,UNASSIGNED,bancode,,,False
0011A077,1155191,UNASSIGNED,bancode,,,False
0011A078,1155192,UNASSIGNED,bancode,,,False
0011A079,1155193,UNASSIGNED,bancode,,,False
0011A07A,1155194,UNASSIGNED,bancode,,,False
0011A07B,1155195,UNASSIGNED,bancode,,,False
0011A07C,1155196,UNASSIGNED,bancode,,,False
0011A07D,1155197,UNASSIGNED,bancode,,,False
0011A07E,1155198,UNASSIGNED,bancode,,,False
0011A07F,1155199,UNASSIGNED,bancode,,,False
0011A080,1155200,UNASSIGNED,bancode,,,False
0011A081,1155201,UNASSIGNED,bancode,,,False
0011A082,1155202,UNASSIGNED,bancode,,,False
0011A083,1155203,UNASSIGNED,bancode,,,False
0011A084,1155204,UNASSIGNED,bancode,,,False
0011A085,1155205,UNASSIGNED,bancode,,,False
0011A086,1155206,UNASSIGNED,bancode,,,False
0011A087,1155207,UNASSIGNED,bancode,,,False
0011A088,1155208,UNASSIGNED,bancode,,,False
0011A089,1155209,UNASSIGNED,bancode,,,False
0011A08A,1155210,UNASSIGNED,bancode,,,False
0011A08B,1155211,UNASSIGNED,bancode,,,False
0011A08C,1155212,UNASSIGNED,bancode,,,False
0011A08D,1155213,UNASSIGNED,bancode,,,False
0011A08E,1155214,UNASSIGNED,bancode,,,False
0011A08F,1155215,UNASSIGNED,bancode,,,False
0011A090,1155216,UNASSIGNED,bancode,,,False
0011A091,1155217,UNASSIGNED,bancode,,,False
0011A092,1155218,UNASSIGNED,bancode,,,False
0011A093,1155219,UNASSIGNED,bancode,,,False
0011A094,1155220,UNASSIGNED,bancode,,,False
0011A095,1155221,UNASSIGNED,bancode,,,False
0011A096,1155222,UNASSIGNED,bancode,,,False
0011A097,1155223,UNASSIGNED,bancode,,,False
0011A098,1155224,UNASSIGNED,bancode,,,False
0011A099,1155225,UNASSIGNED,bancode,,,False
0011A09A,1155226,UNASSIGNED,bancode,,,False
0011A09B,1155227,UNASSIGNED,bancode,,,False
0011A09C,1155228,UNASSIGNED,bancode,,,False
0011A09D,1155229,UNASSIGNED,bancode,,,False
0011A09E,1155230,UNASSIGNED,bancode,,,False
0011A09F,1155231,UNASSIGNED,bancode,,,False
0011A0A0,1155232,UNASSIGNED,bancode,,,False
0011A0A1,1155233,UNASSIGNED,bancode,,,False
0011A0A2,1155234,UNASSIGNED,bancode,,,False
0011A0A3,1155235,UNASSIGNED,bancode,,,False
0011A0A4,1155236,UNASSIGNED,bancode,,,False
0011A0A5,1155237,UNASSIGNED,bancode,,,False
0011A0A6,1155238,UNASSIGNED,bancode,,,False
0011A0A7,1155239,UNASSIGNED,bancode,,,False
0011A0A8,1155240,UNASSIGNED,bancode,,,False
0011A0A9,1155241,UNASSIGNED,bancode,,,False
0011A0AA,1155242,UNASSIGNED,bancode,,,False
0011A0AB,1155243,UNASSIGNED,bancode,,,False
0011A0AC,1155244,UNASSIGNED,bancode,,,False
0011A0AD,1155245,UNASSIGNED,bancode,,,False
0011A0AE,1155246,UNASSIGNED,bancode,,,False
0011A0AF,1155247,UNASSIGNED,bancode,,,False
0011A0B0,1155248,UNASSIGNED,bancode,,,False
0011A0B1,1155249,UNASSIGNED,bancode,,,False
0011A0B2,1155250,UNASSIGNED,bancode,,,False
0011A0B3,1155251,UNASSIGNED,bancode,,,False
0011A0B4,1155252,UNASSIGNED,bancode,,,False
0011A0B5,1155253,UNASSIGNED,bancode,,,False
0011A0B6,1155254,UNASSIGNED,bancode,,,False
0011A0B7,1155255,UNASSIGNED,bancode,,,False
0011A0B8,1155256,UNASSIGNED,bancode,,,False
0011A0B9,1155257,UNASSIGNED,bancode,,,False
0011A0BA,1155258,UNASSIGNED,bancode,,,False
0011A0BB,1155259,UNASSIGNED,bancode,,,False
0011A0BC,1155260,UNASSIGNED,bancode,,,False
0011A0BD,1155261,UNASSIGNED,bancode,,,False
0011A0BE,1155262,UNASSIGNED,bancode,,,False
0011A0BF,1155263,UNASSIGNED,bancode,,,False
0011A0C0,1155264,UNASSIGNED,bancode,,,False
0011A0C1,1155265,UNASSIGNED,bancode,,,False
0011A0C2,1155266,UNASSIGNED,bancode,,,False
0011A0C3,1155267,UNASSIGNED,bancode,,,False
0011A0C4,1155268,UNASSIGNED,bancode,,,False
0011A0C5,1155269,UNASSIGNED,bancode,,,False
0011A0C6,1155270,UNASSIGNED,bancode,,,False
0011A0C7,1155271,UNASSIGNED,bancode,,,False
0011A0C8,1155272,UNASSIGNED,bancode,,,False
0011A0C9,1155273,UNASSIGNED,bancode,,,False
0011A0CA,1155274,UNASSIGNED,bancode,,,False
0011A0CB,1155275,UNASSIGNED,bancode,,,False
0011A0CC,1155276,UNASSIGNED,bancode,,,False
0011A0CD,1155277,UNASSIGNED,bancode,,,False
0011A0CE,1155278,UNASSIGNED,bancode,,,False
0011A0CF,1155279,UNASSIGNED,bancode,,,False
0011A0D0,1155280,UNASSIGNED,bancode,,,False
0011A0D1,1155281,UNASSIGNED,bancode,,,False
0011A0D2,1155282,UNASSIGNED,bancode,,,False
0011A0D3,1155283,UNASSIGNED,bancode,,,False
0011A0D4,1155284,UNASSIGNED,bancode,,,False
0011A0D5,1155285,UNASSIGNED,bancode,,,False
0011A0D6,1155286,UNASSIGNED,bancode,,,False
0011A0D7,1155287,UNASSIGNED,bancode,,,False
0011A0D8,1155288,UNASSIGNED,bancode,,,False
0011A0D9,1155289,UNASSIGNED,bancode,,,False
0011A0DA,1155290,UNASSIGNED,bancode,,,False
0011A0DB,1155291,UNASSIGNED,bancode,,,False
0011A0DC,1155292,UNASSIGNED,bancode,,,False
0011A0DD,1155293,UNASSIGNED,bancode,,,False
0011A0DE,1155294,UNASSIGNED,bancode,,,False
0011A0DF,1155295,UNASSIGNED,bancode,,,False
0011A0E0,1155296,UNASSIGNED,bancode,,,False
0011A0E1,1155297,UNASSIGNED,bancode,,,False
0011A0E2,1155298,UNASSIGNED,bancode,,,False
0011A0E3,1155299,UNASSIGNED,bancode,,,False
0011A0E4,1155300,UNASSIGNED,bancode,,,False
0011A0E5,1155301,UNASSIGNED,bancode,,,False
0011A0E6,1155302,UNASSIGNED,bancode,,,False
0011A0E7,1155303,UNASSIGNED,bancode,,,False
0011A0E8,1155304,UNASSIGNED,bancode,,,False
0011A0E9,1155305,UNASSIGNED,bancode,,,False
0011A0EA,1155306,UNASSIGNED,bancode,,,False
0011A0EB,1155307,UNASSIGNED,bancode,,,False
0011A0EC,1155308,UNASSIGNED,bancode,,,False
0011A0ED,1155309,UNASSIGNED,bancode,,,False
0011A0EE,1155310,UNASSIGNED,bancode,,,False
0011A0EF,1155311,UNASSIGNED,bancode,,,False
0011A0F0,1155312,UNASSIGNED,bancode,,,False
0011A0F1,1155313,UNASSIGNED,bancode,,,False
0011A0F2,1155314,UNASSIGNED,bancode,,,False
0011A0F3,1155315,UNASSIGNED,bancode,,,False
0011A0F4,1155316,UNASSIGNED,bancode,,,False
0011A0F5,1155317,UNASSIGNED,bancode,,,False
0011A0F6,1155318,UNASSIGNED,bancode,,,False
0011A0F7,1155319,UNASSIGNED,bancode,,,False
0011A0F8,1155320,UNASSIGNED,bancode,,,False
0011A0F9,1155321,UNASSIGNED,bancode,,,False
0011A0FA,1155322,UNASSIGNED,bancode,,,False
0011A0FB,1155323,UNASSIGNED,bancode,,,False
0011A0FC,1155324,UNASSIGNED,bancode,,,False
0011A0FD,1155325,UNASSIGNED,bancode,,,False
0011A0FE,1155326,UNASSIGNED,bancode,,,False
0011A0FF,1155327,UNASSIGNED,bancode,,,False
0011A100,1155328,UNASSIGNED,bancode,,,False
0011A101,1155329,UNASSIGNED,bancode,,,False
0011A102,1155330,UNASSIGNED,bancode,,,False
0011A103,1155331,UNASSIGNED,bancode,,,False
0011A104,1155332,UNASSIGNED,bancode,,,False
0011A105,1155333,UNASSIGNED,bancode,,,False
0011A106,1155334,UNASSIGNED,bancode,,,False
0011A107,1155335,UNASSIGNED,bancode,,,False
0011A108,1155336,UNASSIGNED,bancode,,,False
0011A109,1155337,UNASSIGNED,bancode,,,False
0011A10A,1155338,UNASSIGNED,bancode,,,False
0011A10B,1155339,UNASSIGNED,bancode,,,False
0011A10C,1155340,UNASSIGNED,bancode,,,False
0011A10D,1155341,UNASSIGNED,bancode,,,False
0011A10E,1155342,UNASSIGNED,bancode,,,False
0011A10F,1155343,UNASSIGNED,bancode,,,False
0011A110,1155344,UNASSIGNED,bancode,,,False
0011A111,1155345,UNASSIGNED,bancode,,,False
0011A112,1155346,UNASSIGNED,bancode,,,False
0011A113,1155347,UNASSIGNED,bancode,,,False
0011A114,1155348,UNASSIGNED,bancode,,,False
0011A115,1155349,UNASSIGNED,bancode,,,False
0011A116,1155350,UNASSIGNED,bancode,,,False
0011A117,1155351,UNASSIGNED,bancode,,,False
0011A118,1155352,UNASSIGNED,bancode,,,False
0011A119,1155353,UNASSIGNED,bancode,,,False
0011A11A,1155354,UNASSIGNED,bancode,,,False
0011A11B,1155355,UNASSIGNED,bancode,,,False
0011A11C,1155356,UNASSIGNED,bancode,,,False
0011A11D,1155357,UNASSIGNED,bancode,,,False
0011A11E,1155358,UNASSIGNED,bancode,,,False
0011A11F,1155359,UNASSIGNED,bancode,,,False
0011A120,1155360,UNASSIGNED,bancode,,,False
0011A121,1155361,UNASSIGNED,bancode,,,False
0011A122,1155362,UNASSIGNED,bancode,,,False
0011A123,1155363,UNASSIGNED,bancode,,,False
0011A124,1155364,UNASSIGNED,bancode,,,False
0011A125,1155365,UNASSIGNED,bancode,,,False
0011A126,1155366,UNASSIGNED,bancode,,,False
0011A127,1155367,UNASSIGNED,bancode,,,False
0011A128,1155368,UNASSIGNED,bancode,,,False
0011A129,1155369,UNASSIGNED,bancode,,,False
0011A12A,1155370,UNASSIGNED,bancode,,,False
0011A12B,1155371,UNASSIGNED,bancode,,,False
0011A12C,1155372,UNASSIGNED,bancode,,,False
0011A12D,1155373,UNASSIGNED,bancode,,,False
0011A12E,1155374,UNASSIGNED,bancode,,,False
0011A12F,1155375,UNASSIGNED,bancode,,,False
0011A130,1155376,UNASSIGNED,bancode,,,False
0011A131,1155377,UNASSIGNED,bancode,,,False
0011A132,1155378,UNASSIGNED,bancode,,,False
0011A133,1155379,UNASSIGNED,bancode,,,False
0011A134,1155380,UNASSIGNED,bancode,,,False
0011A135,1155381,UNASSIGNED,bancode,,,False
0011A136,1155382,UNASSIGNED,bancode,,,False
0011A137,1155383,UNASSIGNED,bancode,,,False
0011A138,1155384,UNASSIGNED,bancode,,,False
0011A139,1155385,UNASSIGNED,bancode,,,False
0011A13A,1155386,UNASSIGNED,bancode,,,False
0011A13B,1155387,UNASSIGNED,bancode,,,False
0011A13C,1155388,UNASSIGNED,bancode,,,False
0011A13D,1155389,UNASSIGNED,bancode,,,False
0011A13E,1155390,UNASSIGNED,bancode,,,False
0011A13F,1155391,UNASSIGNED,bancode,,,False
0011A140,1155392,UNASSIGNED,bancode,,,False
0011A141,1155393,UNASSIGNED,bancode,,,False
0011A142,1155394,UNASSIGNED,bancode,,,False
0011A143,1155395,UNASSIGNED,bancode,,,False
0011A144,1155396,UNASSIGNED,bancode,,,False
0011A145,1155397,UNASSIGNED,bancode,,,False
0011A146,1155398,UNASSIGNED,bancode,,,False
0011A147,1155399,UNASSIGNED,bancode,,,False
0011A148,1155400,UNASSIGNED,bancode,,,False
0011A149,1155401,UNASSIGNED,bancode,,,False
0011A14A,1155402,UNASSIGNED,bancode,,,False
0011A14B,1155403,UNASSIGNED,bancode,,,False
0011A14C,1155404,UNASSIGNED,bancode,,,False
0011A14D,1155405,UNASSIGNED,bancode,,,False
0011A14E,1155406,UNASSIGNED,bancode,,,False
0011A14F,1155407,UNASSIGNED,bancode,,,False
0011A150,1155408,UNASSIGNED,bancode,,,False
0011A151,1155409,UNASSIGNED,bancode,,,False
0011A152,1155410,UNASSIGNED,bancode,,,False
0011A153,1155411,UNASSIGNED,bancode,,,False
0011A154,1155412,UNASSIGNED,bancode,,,False
0011A155,1155413,UNASSIGNED,bancode,,,False
0011A156,1155414,UNASSIGNED,bancode,,,False
0011A157,1155415,UNASSIGNED,bancode,,,False
0011A158,1155416,UNASSIGNED,bancode,,,False
0011A159,1155417,UNASSIGNED,bancode,,,False
0011A15A,1155418,UNASSIGNED,bancode,,,False
0011A15B,1155419,UNASSIGNED,bancode,,,False
0011A15C,1155420,UNASSIGNED,bancode,,,False
0011A15D,1155421,UNASSIGNED,bancode,,,False
0011A15E,1155422,UNASSIGNED,bancode,,,False
0011A15F,1155423,UNASSIGNED,bancode,,,False
0011A160,1155424,UNASSIGNED,bancode,,,False
0011A161,1155425,UNASSIGNED,bancode,,,False
0011A162,1155426,UNASSIGNED,bancode,,,False
0011A163,1155427,UNASSIGNED,bancode,,,False
0011A164,1155428,UNASSIGNED,bancode,,,False
0011A165,1155429,UNASSIGNED,bancode,,,False
0011A166,1155430,UNASSIGNED,bancode,,,False
0011A167,1155431,UNASSIGNED,bancode,,,False
0011A168,1155432,UNASSIGNED,bancode,,,False
0011A169,1155433,UNASSIGNED,bancode,,,False
0011A16A,1155434,UNASSIGNED,bancode,,,False
0011A16B,1155435,UNASSIGNED,bancode,,,False
0011A16C,1155436,UNASSIGNED,bancode,,,False
0011A16D,1155437,UNASSIGNED,bancode,,,False
0011A16E,1155438,UNASSIGNED,bancode,,,False
0011A16F,1155439,UNASSIGNED,bancode,,,False
0011A170,1155440,UNASSIGNED,bancode,,,False
0011A171,1155441,UNASSIGNED,bancode,,,False
0011A172,1155442,UNASSIGNED,bancode,,,False
0011A173,1155443,UNASSIGNED,bancode,,,False
0011A174,1155444,UNASSIGNED,bancode,,,False
0011A175,1155445,UNASSIGNED,bancode,,,False
0011A176,1155446,UNASSIGNED,bancode,,,False
0011A177,1155447,UNASSIGNED,bancode,,,False
0011A178,1155448,UNASSIGNED,bancode,,,False
0011A179,1155449,UNASSIGNED,bancode,,,False
0011A17A,1155450,UNASSIGNED,bancode,,,False
0011A17B,1155451,UNASSIGNED,bancode,,,False
0011A17C,1155452,UNASSIGNED,bancode,,,False
0011A17D,1155453,UNASSIGNED,bancode,,,False
0011A17E,1155454,UNASSIGNED,bancode,,,False
0011A17F,1155455,UNASSIGNED,bancode,,,False
0011A180,1155456,UNASSIGNED,bancode,,,False
0011A181,1155457,UNASSIGNED,bancode,,,False
0011A182,1155458,UNASSIGNED,bancode,,,False
0011A183,1155459,UNASSIGNED,bancode,,,False
0011A184,1155460,UNASSIGNED,bancode,,,False
0011A185,1155461,UNASSIGNED,bancode,,,False
0011A186,1155462,UNASSIGNED,bancode,,,False
0011A187,1155463,UNASSIGNED,bancode,,,False
0011A188,1155464,UNASSIGNED,bancode,,,False
0011A189,1155465,UNASSIGNED,bancode,,,False
0011A18A,1155466,UNASSIGNED,bancode,,,False
0011A18B,1155467,UNASSIGNED,bancode,,,False
0011A18C,1155468,UNASSIGNED,bancode,,,False
0011A18D,1155469,UNASSIGNED,bancode,,,False
0011A18E,1155470,UNASSIGNED,bancode,,,False
0011A18F,1155471,UNASSIGNED,bancode,,,False
0011A190,1155472,UNASSIGNED,bancode,,,False
0011A191,1155473,UNASSIGNED,bancode,,,False
0011A192,1155474,UNASSIGNED,bancode,,,False
0011A193,1155475,UNASSIGNED,bancode,,,False
0011A194,1155476,UNASSIGNED,bancode,,,False
0011A195,1155477,UNASSIGNED,bancode,,,False
0011A196,1155478,UNASSIGNED,bancode,,,False
0011A197,1155479,UNASSIGNED,bancode,,,False
0011A198,1155480,UNASSIGNED,bancode,,,False
0011A199,1155481,UNASSIGNED,bancode,,,False
0011A19A,1155482,UNASSIGNED,bancode,,,False
0011A19B,1155483,UNASSIGNED,bancode,,,False
0011A19C,1155484,UNASSIGNED,bancode,,,False
0011A19D,1155485,UNASSIGNED,bancode,,,False
0011A19E,1155486,UNASSIGNED,bancode,,,False
0011A19F,1155487,UNASSIGNED,bancode,,,False
0011A1A0,1155488,UNASSIGNED,bancode,,,False
0011A1A1,1155489,UNASSIGNED,bancode,,,False
0011A1A2,1155490,UNASSIGNED,bancode,,,False
0011A1A3,1155491,UNASSIGNED,bancode,,,False
0011A1A4,1155492,UNASSIGNED,bancode,,,False
0011A1A5,1155493,UNASSIGNED,bancode,,,False
0011A1A6,1155494,UNASSIGNED,bancode,,,False
0011A1A7,1155495,UNASSIGNED,bancode,,,False
0011A1A8,1155496,UNASSIGNED,bancode,,,False
0011A1A9,1155497,UNASSIGNED,bancode,,,False
0011A1AA,1155498,UNASSIGNED,bancode,,,False
0011A1AB,1155499,UNASSIGNED,bancode,,,False
0011A1AC,1155500,UNASSIGNED,bancode,,,False
0011A1AD,1155501,UNASSIGNED,bancode,,,False
0011A1AE,1155502,UNASSIGNED,bancode,,,False
0011A1AF,1155503,UNASSIGNED,bancode,,,False
0011A1B0,1155504,UNASSIGNED,bancode,,,False
0011A1B1,1155505,UNASSIGNED,bancode,,,False
0011A1B2,1155506,UNASSIGNED,bancode,,,False
0011A1B3,1155507,UNASSIGNED,bancode,,,False
0011A1B4,1155508,UNASSIGNED,bancode,,,False
0011A1B5,1155509,UNASSIGNED,bancode,,,False
0011A1B6,1155510,UNASSIGNED,bancode,,,False
0011A1B7,1155511,UNASSIGNED,bancode,,,False
0011A1B8,1155512,UNASSIGNED,bancode,,,False
0011A1B9,1155513,UNASSIGNED,bancode,,,False
0011A1BA,1155514,UNASSIGNED,bancode,,,False
0011A1BB,1155515,UNASSIGNED,bancode,,,False
0011A1BC,1155516,UNASSIGNED,bancode,,,False
0011A1BD,1155517,UNASSIGNED,bancode,,,False
0011A1BE,1155518,UNASSIGNED,bancode,,,False
0011A1BF,1155519,UNASSIGNED,bancode,,,False
0011A1C0,1155520,UNASSIGNED,bancode,,,False
0011A1C1,1155521,UNASSIGNED,bancode,,,False
0011A1C2,1155522,UNASSIGNED,bancode,,,False
0011A1C3,1155523,UNASSIGNED,bancode,,,False
0011A1C4,1155524,UNASSIGNED,bancode,,,False
0011A1C5,1155525,UNASSIGNED,bancode,,,False
0011A1C6,1155526,UNASSIGNED,bancode,,,False
0011A1C7,1155527,UNASSIGNED,bancode,,,False
0011A1C8,1155528,UNASSIGNED,bancode,,,False
0011A1C9,1155529,UNASSIGNED,bancode,,,False
0011A1CA,1155530,UNASSIGNED,bancode,,,False
0011A1CB,1155531,UNASSIGNED,bancode,,,False
0011A1CC,1155532,UNASSIGNED,bancode,,,False
0011A1CD,1155533,UNASSIGNED,bancode,,,False
0011A1CE,1155534,UNASSIGNED,bancode,,,False
0011A1CF,1155535,UNASSIGNED,bancode,,,False
0011A1D0,1155536,UNASSIGNED,bancode,,,False
0011A1D1,1155537,UNASSIGNED,bancode,,,False
0011A1D2,1155538,UNASSIGNED,bancode,,,False
0011A1D3,1155539,UNASSIGNED,bancode,,,False
0011A1D4,1155540,UNASSIGNED,bancode,,,False
0011A1D5,1155541,UNASSIGNED,bancode,,,False
0011A1D6,1155542,UNASSIGNED,bancode,,,False
0011A1D7,1155543,UNASSIGNED,bancode,,,False
0011A1D8,1155544,UNASSIGNED,bancode,,,False
0011A1D9,1155545,UNASSIGNED,bancode,,,False
0011A1DA,1155546,UNASSIGNED,bancode,,,False
0011A1DB,1155547,UNASSIGNED,bancode,,,False
0011A1DC,1155548,UNASSIGNED,bancode,,,False
0011A1DD,1155549,UNASSIGNED,bancode,,,False
0011A1DE,1155550,UNASSIGNED,bancode,,,False
0011A1DF,1155551,UNASSIGNED,bancode,,,False
0011A1E0,1155552,UNASSIGNED,bancode,,,False
0011A1E1,1155553,UNASSIGNED,bancode,,,False
0011A1E2,1155554,UNASSIGNED,bancode,,,False
0011A1E3,1155555,UNASSIGNED,bancode,,,False
0011A1E4,1155556,UNASSIGNED,bancode,,,False
0011A1E5,1155557,UNASSIGNED,bancode,,,False
0011A1E6,1155558,UNASSIGNED,bancode,,,False
0011A1E7,1155559,UNASSIGNED,bancode,,,False
0011A1E8,1155560,UNASSIGNED,bancode,,,False
0011A1E9,1155561,UNASSIGNED,bancode,,,False
0011A1EA,1155562,UNASSIGNED,bancode,,,False
0011A1EB,1155563,UNASSIGNED,bancode,,,False
0011A1EC,1155564,UNASSIGNED,bancode,,,False
0011A1ED,1155565,UNASSIGNED,bancode,,,False
0011A1EE,1155566,UNASSIGNED,bancode,,,False
0011A1EF,1155567,UNASSIGNED,bancode,,,False
0011A1F0,1155568,UNASSIGNED,bancode,,,False
0011A1F1,1155569,UNASSIGNED,bancode,,,False
0011A1F2,1155570,UNASSIGNED,bancode,,,False
0011A1F3,1155571,UNASSIGNED,bancode,,,False
0011A1F4,1155572,UNASSIGNED,bancode,,,False
0011A1F5,1155573,UNASSIGNED,bancode,,,False
0011A1F6,1155574,UNASSIGNED,bancode,,,False
0011A1F7,1155575,UNASSIGNED,bancode,,,False
0011A1F8,1155576,UNASSIGNED,bancode,,,False
0011A1F9,1155577,UNASSIGNED,bancode,,,False
0011A1FA,1155578,UNASSIGNED,bancode,,,False
0011A1FB,1155579,UNASSIGNED,bancode,,,False
0011A1FC,1155580,UNASSIGNED,bancode,,,False
0011A1FD,1155581,UNASSIGNED,bancode,,,False
0011A1FE,1155582,UNASSIGNED,bancode,,,False
0011A1FF,1155583,UNASSIGNED,bancode,,,False
0011A200,1155584,UNASSIGNED,bancode,,,False
0011A201,1155585,UNASSIGNED,bancode,,,False
0011A202,1155586,UNASSIGNED,bancode,,,False
0011A203,1155587,UNASSIGNED,bancode,,,False
0011A204,1155588,UNASSIGNED,bancode,,,False
0011A205,1155589,UNASSIGNED,bancode,,,False
0011A206,1155590,UNASSIGNED,bancode,,,False
0011A207,1155591,UNASSIGNED,bancode,,,False
0011A208,1155592,UNASSIGNED,bancode,,,False
0011A209,1155593,UNASSIGNED,bancode,,,False
0011A20A,1155594,UNASSIGNED,bancode,,,False
0011A20B,1155595,UNASSIGNED,bancode,,,False
0011A20C,1155596,UNASSIGNED,bancode,,,False
0011A20D,1155597,UNASSIGNED,bancode,,,False
0011A20E,1155598,UNASSIGNED,bancode,,,False
0011A20F,1155599,UNASSIGNED,bancode,,,False
0011A210,1155600,UNASSIGNED,bancode,,,False
0011A211,1155601,UNASSIGNED,bancode,,,False
0011A212,1155602,UNASSIGNED,bancode,,,False
0011A213,1155603,UNASSIGNED,bancode,,,False
0011A214,1155604,UNASSIGNED,bancode,,,False
0011A215,1155605,UNASSIGNED,bancode,,,False
0011A216,1155606,UNASSIGNED,bancode,,,False
0011A217,1155607,UNASSIGNED,bancode,,,False
0011A218,1155608,UNASSIGNED,bancode,,,False
0011A219,1155609,UNASSIGNED,bancode,,,False
0011A21A,1155610,UNASSIGNED,bancode,,,False
0011A21B,1155611,UNASSIGNED,bancode,,,False
0011A21C,1155612,UNASSIGNED,bancode,,,False
0011A21D,1155613,UNASSIGNED,bancode,,,False
0011A21E,1155614,UNASSIGNED,bancode,,,False
0011A21F,1155615,UNASSIGNED,bancode,,,False
0011A220,1155616,UNASSIGNED,bancode,,,False
0011A221,1155617,UNASSIGNED,bancode,,,False
0011A222,1155618,UNASSIGNED,bancode,,,False
0011A223,1155619,UNASSIGNED,bancode,,,False
0011A224,1155620,UNASSIGNED,bancode,,,False
0011A225,1155621,UNASSIGNED,bancode,,,False
0011A226,1155622,UNASSIGNED,bancode,,,False
0011A227,1155623,UNASSIGNED,bancode,,,False
0011A228,1155624,UNASSIGNED,bancode,,,False
0011A229,1155625,UNASSIGNED,bancode,,,False
0011A22A,1155626,UNASSIGNED,bancode,,,False
0011A22B,1155627,UNASSIGNED,bancode,,,False
0011A22C,1155628,UNASSIGNED,bancode,,,False
0011A22D,1155629,UNASSIGNED,bancode,,,False
0011A22E,1155630,UNASSIGNED,bancode,,,False
0011A22F,1155631,UNASSIGNED,bancode,,,False
0011A230,1155632,UNASSIGNED,bancode,,,False
0011A231,1155633,UNASSIGNED,bancode,,,False
0011A232,1155634,UNASSIGNED,bancode,,,False
0011A233,1155635,UNASSIGNED,bancode,,,False
0011A234,1155636,UNASSIGNED,bancode,,,False
0011A235,1155637,UNASSIGNED,bancode,,,False
0011A236,1155638,UNASSIGNED,bancode,,,False
0011A237,1155639,UNASSIGNED,bancode,,,False
0011A238,1155640,UNASSIGNED,bancode,,,False
0011A239,1155641,UNASSIGNED,bancode,,,False
0011A23A,1155642,UNASSIGNED,bancode,,,False
0011A23B,1155643,UNASSIGNED,bancode,,,False
0011A23C,1155644,UNASSIGNED,bancode,,,False
0011A23D,1155645,UNASSIGNED,bancode,,,False
0011A23E,1155646,UNASSIGNED,bancode,,,False
0011A23F,1155647,UNASSIGNED,bancode,,,False
0011A240,1155648,UNASSIGNED,bancode,,,False
0011A241,1155649,UNASSIGNED,bancode,,,False
0011A242,1155650,UNASSIGNED,bancode,,,False
0011A243,1155651,UNASSIGNED,bancode,,,False
0011A244,1155652,UNASSIGNED,bancode,,,False
0011A245,1155653,UNASSIGNED,bancode,,,False
0011A246,1155654,UNASSIGNED,bancode,,,False
0011A247,1155655,UNASSIGNED,bancode,,,False
0011A248,1155656,UNASSIGNED,bancode,,,False
0011A249,1155657,UNASSIGNED,bancode,,,False
0011A24A,1155658,UNASSIGNED,bancode,,,False
0011A24B,1155659,UNASSIGNED,bancode,,,False
0011A24C,1155660,UNASSIGNED,bancode,,,False
0011A24D,1155661,UNASSIGNED,bancode,,,False
0011A24E,1155662,UNASSIGNED,bancode,,,False
0011A24F,1155663,UNASSIGNED,bancode,,,False
0011A250,1155664,UNASSIGNED,bancode,,,False
0011A251,1155665,UNASSIGNED,bancode,,,False
0011A252,1155666,UNASSIGNED,bancode,,,False
0011A253,1155667,UNASSIGNED,bancode,,,False
0011A254,1155668,UNASSIGNED,bancode,,,False
0011A255,1155669,UNASSIGNED,bancode,,,False
0011A256,1155670,UNASSIGNED,bancode,,,False
0011A257,1155671,UNASSIGNED,bancode,,,False
0011A258,1155672,UNASSIGNED,bancode,,,False
0011A259,1155673,UNASSIGNED,bancode,,,False
0011A25A,1155674,UNASSIGNED,bancode,,,False
0011A25B,1155675,UNASSIGNED,bancode,,,False
0011A25C,1155676,UNASSIGNED,bancode,,,False
0011A25D,1155677,UNASSIGNED,bancode,,,False
0011A25E,1155678,UNASSIGNED,bancode,,,False
0011A25F,1155679,UNASSIGNED,bancode,,,False
0011A260,1155680,UNASSIGNED,bancode,,,False
0011A261,1155681,UNASSIGNED,bancode,,,False
0011A262,1155682,UNASSIGNED,bancode,,,False
0011A263,1155683,UNASSIGNED,bancode,,,False
0011A264,1155684,UNASSIGNED,bancode,,,False
0011A265,1155685,UNASSIGNED,bancode,,,False
0011A266,1155686,UNASSIGNED,bancode,,,False
0011A267,1155687,UNASSIGNED,bancode,,,False
0011A268,1155688,UNASSIGNED,bancode,,,False
0011A269,1155689,UNASSIGNED,bancode,,,False
0011A26A,1155690,UNASSIGNED,bancode,,,False
0011A26B,1155691,UNASSIGNED,bancode,,,False
0011A26C,1155692,UNASSIGNED,bancode,,,False
0011A26D,1155693,UNASSIGNED,bancode,,,False
0011A26E,1155694,UNASSIGNED,bancode,,,False
0011A26F,1155695,UNASSIGNED,bancode,,,False
0011A270,1155696,UNASSIGNED,bancode,,,False
0011A271,1155697,UNASSIGNED,bancode,,,False
0011A272,1155698,UNASSIGNED,bancode,,,False
0011A273,1155699,UNASSIGNED,bancode,,,False
0011A274,1155700,UNASSIGNED,bancode,,,False
0011A275,1155701,UNASSIGNED,bancode,,,False
0011A276,1155702,UNASSIGNED,bancode,,,False
0011A277,1155703,UNASSIGNED,bancode,,,False
0011A278,1155704,UNASSIGNED,bancode,,,False
0011A279,1155705,UNASSIGNED,bancode,,,False
0011A27A,1155706,UNASSIGNED,bancode,,,False
0011A27B,1155707,UNASSIGNED,bancode,,,False
0011A27C,1155708,UNASSIGNED,bancode,,,False
0011A27D,1155709,UNASSIGNED,bancode,,,False
0011A27E,1155710,UNASSIGNED,bancode,,,False
0011A27F,1155711,UNASSIGNED,bancode,,,False
0011A280,1155712,UNASSIGNED,bancode,,,False
0011A281,1155713,UNASSIGNED,bancode,,,False
0011A282,1155714,UNASSIGNED,bancode,,,False
0011A283,1155715,UNASSIGNED,bancode,,,False
0011A284,1155716,UNASSIGNED,bancode,,,False
0011A285,1155717,UNASSIGNED,bancode,,,False
0011A286,1155718,UNASSIGNED,bancode,,,False
0011A287,1155719,UNASSIGNED,bancode,,,False
0011A288,1155720,UNASSIGNED,bancode,,,False
0011A289,1155721,UNASSIGNED,bancode,,,False
0011A28A,1155722,UNASSIGNED,bancode,,,False
0011A28B,1155723,UNASSIGNED,bancode,,,False
0011A28C,1155724,UNASSIGNED,bancode,,,False
0011A28D,1155725,UNASSIGNED,bancode,,,False
0011A28E,1155726,UNASSIGNED,bancode,,,False
0011A28F,1155727,UNASSIGNED,bancode,,,False
0011A290,1155728,UNASSIGNED,bancode,,,False
0011A291,1155729,UNASSIGNED,bancode,,,False
0011A292,1155730,UNASSIGNED,bancode,,,False
0011A293,1155731,UNASSIGNED,bancode,,,False
0011A294,1155732,UNASSIGNED,bancode,,,False
0011A295,1155733,UNASSIGNED,bancode,,,False
0011A296,1155734,UNASSIGNED,bancode,,,False
0011A297,1155735,UNASSIGNED,bancode,,,False
0011A298,1155736,UNASSIGNED,bancode,,,False
0011A299,1155737,UNASSIGNED,bancode,,,False
0011A29A,1155738,UNASSIGNED,bancode,,,False
0011A29B,1155739,UNASSIGNED,bancode,,,False
0011A29C,1155740,UNASSIGNED,bancode,,,False
0011A29D,1155741,UNASSIGNED,bancode,,,False
0011A29E,1155742,UNASSIGNED,bancode,,,False
0011A29F,1155743,UNASSIGNED,bancode,,,False
0011A2A0,1155744,UNASSIGNED,bancode,,,False
0011A2A1,1155745,UNASSIGNED,bancode,,,False
0011A2A2,1155746,UNASSIGNED,bancode,,,False
0011A2A3,1155747,UNASSIGNED,bancode,,,False
0011A2A4,1155748,UNASSIGNED,bancode,,,False
0011A2A5,1155749,UNASSIGNED,bancode,,,False
0011A2A6,1155750,UNASSIGNED,bancode,,,False
0011A2A7,1155751,UNASSIGNED,bancode,,,False
0011A2A8,1155752,UNASSIGNED,bancode,,,False
0011A2A9,1155753,UNASSIGNED,bancode,,,False
0011A2AA,1155754,UNASSIGNED,bancode,,,False
0011A2AB,1155755,UNASSIGNED,bancode,,,False
0011A2AC,1155756,UNASSIGNED,bancode,,,False
0011A2AD,1155757,UNASSIGNED,bancode,,,False
0011A2AE,1155758,UNASSIGNED,bancode,,,False
0011A2AF,1155759,UNASSIGNED,bancode,,,False
0011A2B0,1155760,UNASSIGNED,bancode,,,False
0011A2B1,1155761,UNASSIGNED,bancode,,,False
0011A2B2,1155762,UNASSIGNED,bancode,,,False
0011A2B3,1155763,UNASSIGNED,bancode,,,False
0011A2B4,1155764,UNASSIGNED,bancode,,,False
0011A2B5,1155765,UNASSIGNED,bancode,,,False
0011A2B6,1155766,UNASSIGNED,bancode,,,False
0011A2B7,1155767,UNASSIGNED,bancode,,,False
0011A2B8,1155768,UNASSIGNED,bancode,,,False
0011A2B9,1155769,UNASSIGNED,bancode,,,False
0011A2BA,1155770,UNASSIGNED,bancode,,,False
0011A2BB,1155771,UNASSIGNED,bancode,,,False
0011A2BC,1155772,UNASSIGNED,bancode,,,False
0011A2BD,1155773,UNASSIGNED,bancode,,,False
0011A2BE,1155774,UNASSIGNED,bancode,,,False
0011A2BF,1155775,UNASSIGNED,bancode,,,False
0011A2C0,1155776,UNASSIGNED,bancode,,,False
0011A2C1,1155777,UNASSIGNED,bancode,,,False
0011A2C2,1155778,UNASSIGNED,bancode,,,False
0011A2C3,1155779,UNASSIGNED,bancode,,,False
0011A2C4,1155780,UNASSIGNED,bancode,,,False
0011A2C5,1155781,UNASSIGNED,bancode,,,False
0011A2C6,1155782,UNASSIGNED,bancode,,,False
0011A2C7,1155783,UNASSIGNED,bancode,,,False
0011A2C8,1155784,UNASSIGNED,bancode,,,False
0011A2C9,1155785,UNASSIGNED,bancode,,,False
0011A2CA,1155786,UNASSIGNED,bancode,,,False
0011A2CB,1155787,UNASSIGNED,bancode,,,False
0011A2CC,1155788,UNASSIGNED,bancode,,,False
0011A2CD,1155789,UNASSIGNED,bancode,,,False
0011A2CE,1155790,UNASSIGNED,bancode,,,False
0011A2CF,1155791,UNASSIGNED,bancode,,,False
0011A2D0,1155792,UNASSIGNED,bancode,,,False
0011A2D1,1155793,UNASSIGNED,bancode,,,False
0011A2D2,1155794,UNASSIGNED,bancode,,,False
0011A2D3,1155795,UNASSIGNED,bancode,,,False
0011A2D4,1155796,UNASSIGNED,bancode,,,False
0011A2D5,1155797,UNASSIGNED,bancode,,,False
0011A2D6,1155798,UNASSIGNED,bancode,,,False
0011A2D7,1155799,UNASSIGNED,bancode,,,False
0011A2D8,1155800,UNASSIGNED,bancode,,,False
0011A2D9,1155801,UNASSIGNED,bancode,,,False
0011A2DA,1155802,UNASSIGNED,bancode,,,False
0011A2DB,1155803,UNASSIGNED,bancode,,,False
0011A2DC,1155804,UNASSIGNED,bancode,,,False
0011A2DD,1155805,UNASSIGNED,bancode,,,False
0011A2DE,1155806,UNASSIGNED,bancode,,,False
0011A2DF,1155807,UNASSIGNED,bancode,,,False
0011A2E0,1155808,UNASSIGNED,bancode,,,False
0011A2E1,1155809,UNASSIGNED,bancode,,,False
0011A2E2,1155810,UNASSIGNED,bancode,,,False
0011A2E3,1155811,UNASSIGNED,bancode,,,False
0011A2E4,1155812,UNASSIGNED,bancode,,,False
0011A2E5,1155813,UNASSIGNED,bancode,,,False
0011A2E6,1155814,UNASSIGNED,bancode,,,False
0011A2E7,1155815,UNASSIGNED,bancode,,,False
0011A2E8,1155816,UNASSIGNED,bancode,,,False
0011A2E9,1155817,UNASSIGNED,bancode,,,False
0011A2EA,1155818,UNASSIGNED,bancode,,,False
0011A2EB,1155819,UNASSIGNED,bancode,,,False
0011A2EC,1155820,UNASSIGNED,bancode,,,False
0011A2ED,1155821,UNASSIGNED,bancode,,,False
0011A2EE,1155822,UNASSIGNED,bancode,,,False
0011A2EF,1155823,UNASSIGNED,bancode,,,False
0011A2F0,1155824,UNASSIGNED,bancode,,,False
0011A2F1,1155825,UNASSIGNED,bancode,,,False
0011A2F2,1155826,UNASSIGNED,bancode,,,False
0011A2F3,1155827,UNASSIGNED,bancode,,,False
0011A2F4,1155828,UNASSIGNED,bancode,,,False
0011A2F5,1155829,UNASSIGNED,bancode,,,False
0011A2F6,1155830,UNASSIGNED,bancode,,,False
0011A2F7,1155831,UNASSIGNED,bancode,,,False
0011A2F8,1155832,UNASSIGNED,bancode,,,False
0011A2F9,1155833,UNASSIGNED,bancode,,,False
0011A2FA,1155834,UNASSIGNED,bancode,,,False
0011A2FB,1155835,UNASSIGNED,bancode,,,False
0011A2FC,1155836,UNASSIGNED,bancode,,,False
0011A2FD,1155837,UNASSIGNED,bancode,,,False
0011A2FE,1155838,UNASSIGNED,bancode,,,False
0011A2FF,1155839,UNASSIGNED,bancode,,,False
0011A300,1155840,UNASSIGNED,bancode,,,False
0011A301,1155841,UNASSIGNED,bancode,,,False
0011A302,1155842,UNASSIGNED,bancode,,,False
0011A303,1155843,UNASSIGNED,bancode,,,False
0011A304,1155844,UNASSIGNED,bancode,,,False
0011A305,1155845,UNASSIGNED,bancode,,,False
0011A306,1155846,UNASSIGNED,bancode,,,False
0011A307,1155847,UNASSIGNED,bancode,,,False
0011A308,1155848,UNASSIGNED,bancode,,,False
0011A309,1155849,UNASSIGNED,bancode,,,False
0011A30A,1155850,UNASSIGNED,bancode,,,False
0011A30B,1155851,UNASSIGNED,bancode,,,False
0011A30C,1155852,UNASSIGNED,bancode,,,False
0011A30D,1155853,UNASSIGNED,bancode,,,False
0011A30E,1155854,UNASSIGNED,bancode,,,False
0011A30F,1155855,UNASSIGNED,bancode,,,False
0011A310,1155856,UNASSIGNED,bancode,,,False
0011A311,1155857,UNASSIGNED,bancode,,,False
0011A312,1155858,UNASSIGNED,bancode,,,False
0011A313,1155859,UNASSIGNED,bancode,,,False
0011A314,1155860,UNASSIGNED,bancode,,,False
0011A315,1155861,UNASSIGNED,bancode,,,False
0011A316,1155862,UNASSIGNED,bancode,,,False
0011A317,1155863,UNASSIGNED,bancode,,,False
0011A318,1155864,UNASSIGNED,bancode,,,False
0011A319,1155865,UNASSIGNED,bancode,,,False
0011A31A,1155866,UNASSIGNED,bancode,,,False
0011A31B,1155867,UNASSIGNED,bancode,,,False
0011A31C,1155868,UNASSIGNED,bancode,,,False
0011A31D,1155869,UNASSIGNED,bancode,,,False
0011A31E,1155870,UNASSIGNED,bancode,,,False
0011A31F,1155871,UNASSIGNED,bancode,,,False
0011A320,1155872,UNASSIGNED,bancode,,,False
0011A321,1155873,UNASSIGNED,bancode,,,False
0011A322,1155874,UNASSIGNED,bancode,,,False
0011A323,1155875,UNASSIGNED,bancode,,,False
0011A324,1155876,UNASSIGNED,bancode,,,False
0011A325,1155877,UNASSIGNED,bancode,,,False
0011A326,1155878,UNASSIGNED,bancode,,,False
0011A327,1155879,UNASSIGNED,bancode,,,False
0011A328,1155880,UNASSIGNED,bancode,,,False
0011A329,1155881,UNASSIGNED,bancode,,,False
0011A32A,1155882,UNASSIGNED,bancode,,,False
0011A32B,1155883,UNASSIGNED,bancode,,,False
0011A32C,1155884,UNASSIGNED,bancode,,,False
0011A32D,1155885,UNASSIGNED,bancode,,,False
0011A32E,1155886,UNASSIGNED,bancode,,,False
0011A32F,1155887,UNASSIGNED,bancode,,,False
0011A330,1155888,UNASSIGNED,bancode,,,False
0011A331,1155889,UNASSIGNED,bancode,,,False
0011A332,1155890,UNASSIGNED,bancode,,,False
0011A333,1155891,UNASSIGNED,bancode,,,False
0011A334,1155892,UNASSIGNED,bancode,,,False
0011A335,1155893,UNASSIGNED,bancode,,,False
0011A336,1155894,UNASSIGNED,bancode,,,False
0011A337,1155895,UNASSIGNED,bancode,,,False
0011A338,1155896,UNASSIGNED,bancode,,,False
0011A339,1155897,UNASSIGNED,bancode,,,False
0011A33A,1155898,UNASSIGNED,bancode,,,False
0011A33B,1155899,UNASSIGNED,bancode,,,False
0011A33C,1155900,UNASSIGNED,bancode,,,False
0011A33D,1155901,UNASSIGNED,bancode,,,False
0011A33E,1155902,UNASSIGNED,bancode,,,False
0011A33F,1155903,UNASSIGNED,bancode,,,False
0011A340,1155904,UNASSIGNED,bancode,,,False
0011A341,1155905,UNASSIGNED,bancode,,,False
0011A342,1155906,UNASSIGNED,bancode,,,False
0011A343,1155907,UNASSIGNED,bancode,,,False
0011A344,1155908,UNASSIGNED,bancode,,,False
0011A345,1155909,UNASSIGNED,bancode,,,False
0011A346,1155910,UNASSIGNED,bancode,,,False
0011A347,1155911,UNASSIGNED,bancode,,,False
0011A348,1155912,UNASSIGNED,bancode,,,False
0011A349,1155913,UNASSIGNED,bancode,,,False
0011A34A,1155914,UNASSIGNED,bancode,,,False
0011A34B,1155915,UNASSIGNED,bancode,,,False
0011A34C,1155916,UNASSIGNED,bancode,,,False
0011A34D,1155917,UNASSIGNED,bancode,,,False
0011A34E,1155918,UNASSIGNED,bancode,,,False
0011A34F,1155919,UNASSIGNED,bancode,,,False
0011A350,1155920,UNASSIGNED,bancode,,,False
0011A351,1155921,UNASSIGNED,bancode,,,False
0011A352,1155922,UNASSIGNED,bancode,,,False
0011A353,1155923,UNASSIGNED,bancode,,,False
0011A354,1155924,UNASSIGNED,bancode,,,False
0011A355,1155925,UNASSIGNED,bancode,,,False
0011A356,1155926,UNASSIGNED,bancode,,,False
0011A357,1155927,UNASSIGNED,bancode,,,False
0011A358,1155928,UNASSIGNED,bancode,,,False
0011A359,1155929,UNASSIGNED,bancode,,,False
0011A35A,1155930,UNASSIGNED,bancode,,,False
0011A35B,1155931,UNASSIGNED,bancode,,,False
0011A35C,1155932,UNASSIGNED,bancode,,,False
0011A35D,1155933,UNASSIGNED,bancode,,,False
0011A35E,1155934,UNASSIGNED,bancode,,,False
0011A35F,1155935,UNASSIGNED,bancode,,,False
0011A360,1155936,UNASSIGNED,bancode,,,False
0011A361,1155937,UNASSIGNED,bancode,,,False
0011A362,1155938,UNASSIGNED,bancode,,,False
0011A363,1155939,UNASSIGNED,bancode,,,False
0011A364,1155940,UNASSIGNED,bancode,,,False
0011A365,1155941,UNASSIGNED,bancode,,,False
0011A366,1155942,UNASSIGNED,bancode,,,False
0011A367,1155943,UNASSIGNED,bancode,,,False
0011A368,1155944,UNASSIGNED,bancode,,,False
0011A369,1155945,UNASSIGNED,bancode,,,False
0011A36A,1155946,UNASSIGNED,bancode,,,False
0011A36B,1155947,UNASSIGNED,bancode,,,False
0011A36C,1155948,UNASSIGNED,bancode,,,False
0011A36D,1155949,UNASSIGNED,bancode,,,False
0011A36E,1155950,UNASSIGNED,bancode,,,False
0011A36F,1155951,UNASSIGNED,bancode,,,False
0011A370,1155952,UNASSIGNED,bancode,,,False
0011A371,1155953,UNASSIGNED,bancode,,,False
0011A372,1155954,UNASSIGNED,bancode,,,False
0011A373,1155955,UNASSIGNED,bancode,,,False
0011A374,1155956,UNASSIGNED,bancode,,,False
0011A375,1155957,UNASSIGNED,bancode,,,False
0011A376,1155958,UNASSIGNED,bancode,,,False
0011A377,1155959,UNASSIGNED,bancode,,,False
0011A378,1155960,UNASSIGNED,bancode,,,False
0011A379,1155961,UNASSIGNED,bancode,,,False
0011A37A,1155962,UNASSIGNED,bancode,,,False
0011A37B,1155963,UNASSIGNED,bancode,,,False
0011A37C,1155964,UNASSIGNED,bancode,,,False
0011A37D,1155965,UNASSIGNED,bancode,,,False
0011A37E,1155966,UNASSIGNED,bancode,,,False
0011A37F,1155967,UNASSIGNED,bancode,,,False
0011A380,1155968,UNASSIGNED,bancode,,,False
0011A381,1155969,UNASSIGNED,bancode,,,False
0011A382,1155970,UNASSIGNED,bancode,,,False
0011A383,1155971,UNASSIGNED,bancode,,,False
0011A384,1155972,UNASSIGNED,bancode,,,False
0011A385,1155973,UNASSIGNED,bancode,,,False
0011A386,1155974,UNASSIGNED,bancode,,,False
0011A387,1155975,UNASSIGNED,bancode,,,False
0011A388,1155976,UNASSIGNED,bancode,,,False
0011A389,1155977,UNASSIGNED,bancode,,,False
0011A38A,1155978,UNASSIGNED,bancode,,,False
0011A38B,1155979,UNASSIGNED,bancode,,,False
0011A38C,1155980,UNASSIGNED,bancode,,,False
0011A38D,1155981,UNASSIGNED,bancode,,,False
0011A38E,1155982,UNASSIGNED,bancode,,,False
0011A38F,1155983,UNASSIGNED,bancode,,,False
0011A390,1155984,UNASSIGNED,bancode,,,False
0011A391,1155985,UNASSIGNED,bancode,,,False
0011A392,1155986,UNASSIGNED,bancode,,,False
0011A393,1155987,UNASSIGNED,bancode,,,False
0011A394,1155988,UNASSIGNED,bancode,,,False
0011A395,1155989,UNASSIGNED,bancode,,,False
0011A396,1155990,UNASSIGNED,bancode,,,False
0011A397,1155991,UNASSIGNED,bancode,,,False
0011A398,1155992,UNASSIGNED,bancode,,,False
0011A399,1155993,UNASSIGNED,bancode,,,False
0011A39A,1155994,UNASSIGNED,bancode,,,False
0011A39B,1155995,UNASSIGNED,bancode,,,False
0011A39C,1155996,UNASSIGNED,bancode,,,False
0011A39D,1155997,UNASSIGNED,bancode,,,False
0011A39E,1155998,UNASSIGNED,bancode,,,False
0011A39F,1155999,UNASSIGNED,bancode,,,False
0011A3A0,1156000,UNASSIGNED,bancode,,,False
0011A3A1,1156001,UNASSIGNED,bancode,,,False
0011A3A2,1156002,UNASSIGNED,bancode,,,False
0011A3A3,1156003,UNASSIGNED,bancode,,,False
0011A3A4,1156004,UNASSIGNED,bancode,,,False
0011A3A5,1156005,UNASSIGNED,bancode,,,False
0011A3A6,1156006,UNASSIGNED,bancode,,,False
0011A3A7,1156007,UNASSIGNED,bancode,,,False
0011A3A8,1156008,UNASSIGNED,bancode,,,False
0011A3A9,1156009,UNASSIGNED,bancode,,,False
0011A3AA,1156010,UNASSIGNED,bancode,,,False
0011A3AB,1156011,UNASSIGNED,bancode,,,False
0011A3AC,1156012,UNASSIGNED,bancode,,,False
0011A3AD,1156013,UNASSIGNED,bancode,,,False
0011A3AE,1156014,UNASSIGNED,bancode,,,False
0011A3AF,1156015,UNASSIGNED,bancode,,,False
0011A3B0,1156016,UNASSIGNED,bancode,,,False
0011A3B1,1156017,UNASSIGNED,bancode,,,False
0011A3B2,1156018,UNASSIGNED,bancode,,,False
0011A3B3,1156019,UNASSIGNED,bancode,,,False
0011A3B4,1156020,UNASSIGNED,bancode,,,False
0011A3B5,1156021,UNASSIGNED,bancode,,,False
0011A3B6,1156022,UNASSIGNED,bancode,,,False
0011A3B7,1156023,UNASSIGNED,bancode,,,False
0011A3B8,1156024,UNASSIGNED,bancode,,,False
0011A3B9,1156025,UNASSIGNED,bancode,,,False
0011A3BA,1156026,UNASSIGNED,bancode,,,False
0011A3BB,1156027,UNASSIGNED,bancode,,,False
0011A3BC,1156028,UNASSIGNED,bancode,,,False
0011A3BD,1156029,UNASSIGNED,bancode,,,False
0011A3BE,1156030,UNASSIGNED,bancode,,,False
0011A3BF,1156031,UNASSIGNED,bancode,,,False
0011A3C0,1156032,UNASSIGNED,bancode,,,False
0011A3C1,1156033,UNASSIGNED,bancode,,,False
0011A3C2,1156034,UNASSIGNED,bancode,,,False
0011A3C3,1156035,UNASSIGNED,bancode,,,False
0011A3C4,1156036,UNASSIGNED,bancode,,,False
0011A3C5,1156037,UNASSIGNED,bancode,,,False
0011A3C6,1156038,UNASSIGNED,bancode,,,False
0011A3C7,1156039,UNASSIGNED,bancode,,,False
0011A3C8,1156040,UNASSIGNED,bancode,,,False
0011A3C9,1156041,UNASSIGNED,bancode,,,False
0011A3CA,1156042,UNASSIGNED,bancode,,,False
0011A3CB,1156043,UNASSIGNED,bancode,,,False
0011A3CC,1156044,UNASSIGNED,bancode,,,False
0011A3CD,1156045,UNASSIGNED,bancode,,,False
0011A3CE,1156046,UNASSIGNED,bancode,,,False
0011A3CF,1156047,UNASSIGNED,bancode,,,False
0011A3D0,1156048,UNASSIGNED,bancode,,,False
0011A3D1,1156049,UNASSIGNED,bancode,,,False
0011A3D2,1156050,UNASSIGNED,bancode,,,False
0011A3D3,1156051,UNASSIGNED,bancode,,,False
0011A3D4,1156052,UNASSIGNED,bancode,,,False
0011A3D5,1156053,UNASSIGNED,bancode,,,False
0011A3D6,1156054,UNASSIGNED,bancode,,,False
0011A3D7,1156055,UNASSIGNED,bancode,,,False
0011A3D8,1156056,UNASSIGNED,bancode,,,False
0011A3D9,1156057,UNASSIGNED,bancode,,,False
0011A3DA,1156058,UNASSIGNED,bancode,,,False
0011A3DB,1156059,UNASSIGNED,bancode,,,False
0011A3DC,1156060,UNASSIGNED,bancode,,,False
0011A3DD,1156061,UNASSIGNED,bancode,,,False
0011A3DE,1156062,UNASSIGNED,bancode,,,False
0011A3DF,1156063,UNASSIGNED,bancode,,,False
0011A3E0,1156064,UNASSIGNED,bancode,,,False
0011A3E1,1156065,UNASSIGNED,bancode,,,False
0011A3E2,1156066,UNASSIGNED,bancode,,,False
0011A3E3,1156067,UNASSIGNED,bancode,,,False
0011A3E4,1156068,UNASSIGNED,bancode,,,False
0011A3E5,1156069,UNASSIGNED,bancode,,,False
0011A3E6,1156070,UNASSIGNED,bancode,,,False
0011A3E7,1156071,UNASSIGNED,bancode,,,False
0011A3E8,1156072,UNASSIGNED,bancode,,,False
0011A3E9,1156073,UNASSIGNED,bancode,,,False
0011A3EA,1156074,UNASSIGNED,bancode,,,False
0011A3EB,1156075,UNASSIGNED,bancode,,,False
0011A3EC,1156076,UNASSIGNED,bancode,,,False
0011A3ED,1156077,UNASSIGNED,bancode,,,False
0011A3EE,1156078,UNASSIGNED,bancode,,,False
0011A3EF,1156079,UNASSIGNED,bancode,,,False
0011A3F0,1156080,UNASSIGNED,bancode,,,False
0011A3F1,1156081,UNASSIGNED,bancode,,,False
0011A3F2,1156082,UNASSIGNED,bancode,,,False
0011A3F3,1156083,UNASSIGNED,bancode,,,False
0011A3F4,1156084,UNASSIGNED,bancode,,,False
0011A3F5,1156085,UNASSIGNED,bancode,,,False
0011A3F6,1156086,UNASSIGNED,bancode,,,False
0011A3F7,1156087,UNASSIGNED,bancode,,,False
0011A3F8,1156088,UNASSIGNED,bancode,,,False
0011A3F9,1156089,UNASSIGNED,bancode,,,False
0011A3FA,1156090,UNASSIGNED,bancode,,,False
0011A3FB,1156091,UNASSIGNED,bancode,,,False
0011A3FC,1156092,UNASSIGNED,bancode,,,False
0011A3FD,1156093,UNASSIGNED,bancode,,,False
0011A3FE,1156094,UNASSIGNED,bancode,,,False
0011A3FF,1156095,UNASSIGNED,bancode,,,False
0011A400,1156096,UNASSIGNED,bancode,,,False
0011A401,1156097,UNASSIGNED,bancode,,,False
0011A402,1156098,UNASSIGNED,bancode,,,False
0011A403,1156099,UNASSIGNED,bancode,,,False
0011A404,1156100,UNASSIGNED,bancode,,,False
0011A405,1156101,UNASSIGNED,bancode,,,False
0011A406,1156102,UNASSIGNED,bancode,,,False
0011A407,1156103,UNASSIGNED,bancode,,,False
0011A408,1156104,UNASSIGNED,bancode,,,False
0011A409,1156105,UNASSIGNED,bancode,,,False
0011A40A,1156106,UNASSIGNED,bancode,,,False
0011A40B,1156107,UNASSIGNED,bancode,,,False
0011A40C,1156108,UNASSIGNED,bancode,,,False
0011A40D,1156109,UNASSIGNED,bancode,,,False
0011A40E,1156110,UNASSIGNED,bancode,,,False
0011A40F,1156111,UNASSIGNED,bancode,,,False
0011A410,1156112,UNASSIGNED,bancode,,,False
0011A411,1156113,UNASSIGNED,bancode,,,False
0011A412,1156114,UNASSIGNED,bancode,,,False
0011A413,1156115,UNASSIGNED,bancode,,,False
0011A414,1156116,UNASSIGNED,bancode,,,False
0011A415,1156117,UNASSIGNED,bancode,,,False
0011A416,1156118,UNASSIGNED,bancode,,,False
0011A417,1156119,UNASSIGNED,bancode,,,False
0011A418,1156120,UNASSIGNED,bancode,,,False
0011A419,1156121,UNASSIGNED,bancode,,,False
0011A41A,1156122,UNASSIGNED,bancode,,,False
0011A41B,1156123,UNASSIGNED,bancode,,,False
0011A41C,1156124,UNASSIGNED,bancode,,,False
0011A41D,1156125,UNASSIGNED,bancode,,,False
0011A41E,1156126,UNASSIGNED,bancode,,,False
0011A41F,1156127,UNASSIGNED,bancode,,,False
0011A420,1156128,UNASSIGNED,bancode,,,False
0011A421,1156129,UNASSIGNED,bancode,,,False
0011A422,1156130,UNASSIGNED,bancode,,,False
0011A423,1156131,UNASSIGNED,bancode,,,False
0011A424,1156132,UNASSIGNED,bancode,,,False
0011A425,1156133,UNASSIGNED,bancode,,,False
0011A426,1156134,UNASSIGNED,bancode,,,False
0011A427,1156135,UNASSIGNED,bancode,,,False
0011A428,1156136,UNASSIGNED,bancode,,,False
0011A429,1156137,UNASSIGNED,bancode,,,False
0011A42A,1156138,UNASSIGNED,bancode,,,False
0011A42B,1156139,UNASSIGNED,bancode,,,False
0011A42C,1156140,UNASSIGNED,bancode,,,False
0011A42D,1156141,UNASSIGNED,bancode,,,False
0011A42E,1156142,UNASSIGNED,bancode,,,False
0011A42F,1156143,UNASSIGNED,bancode,,,False
0011A430,1156144,UNASSIGNED,bancode,,,False
0011A431,1156145,UNASSIGNED,bancode,,,False
0011A432,1156146,UNASSIGNED,bancode,,,False
0011A433,1156147,UNASSIGNED,bancode,,,False
0011A434,1156148,UNASSIGNED,bancode,,,False
0011A435,1156149,UNASSIGNED,bancode,,,False
0011A436,1156150,UNASSIGNED,bancode,,,False
0011A437,1156151,UNASSIGNED,bancode,,,False
0011A438,1156152,UNASSIGNED,bancode,,,False
0011A439,1156153,UNASSIGNED,bancode,,,False
0011A43A,1156154,UNASSIGNED,bancode,,,False
0011A43B,1156155,UNASSIGNED,bancode,,,False
0011A43C,1156156,UNASSIGNED,bancode,,,False
0011A43D,1156157,UNASSIGNED,bancode,,,False
0011A43E,1156158,UNASSIGNED,bancode,,,False
0011A43F,1156159,UNASSIGNED,bancode,,,False
0011A440,1156160,UNASSIGNED,bancode,,,False
0011A441,1156161,UNASSIGNED,bancode,,,False
0011A442,1156162,UNASSIGNED,bancode,,,False
0011A443,1156163,UNASSIGNED,bancode,,,False
0011A444,1156164,UNASSIGNED,bancode,,,False
0011A445,1156165,UNASSIGNED,bancode,,,False
0011A446,1156166,UNASSIGNED,bancode,,,False
0011A447,1156167,UNASSIGNED,bancode,,,False
0011A448,1156168,UNASSIGNED,bancode,,,False
0011A449,1156169,UNASSIGNED,bancode,,,False
0011A44A,1156170,UNASSIGNED,bancode,,,False
0011A44B,1156171,UNASSIGNED,bancode,,,False
0011A44C,1156172,UNASSIGNED,bancode,,,False
0011A44D,1156173,UNASSIGNED,bancode,,,False
0011A44E,1156174,UNASSIGNED,bancode,,,False
0011A44F,1156175,UNASSIGNED,bancode,,,False
0011A450,1156176,UNASSIGNED,bancode,,,False
0011A451,1156177,UNASSIGNED,bancode,,,False
0011A452,1156178,UNASSIGNED,bancode,,,False
0011A453,1156179,UNASSIGNED,bancode,,,False
0011A454,1156180,UNASSIGNED,bancode,,,False
0011A455,1156181,UNASSIGNED,bancode,,,False
0011A456,1156182,UNASSIGNED,bancode,,,False
0011A457,1156183,UNASSIGNED,bancode,,,False
0011A458,1156184,UNASSIGNED,bancode,,,False
0011A459,1156185,UNASSIGNED,bancode,,,False
0011A45A,1156186,UNASSIGNED,bancode,,,False
0011A45B,1156187,UNASSIGNED,bancode,,,False
0011A45C,1156188,UNASSIGNED,bancode,,,False
0011A45D,1156189,UNASSIGNED,bancode,,,False
0011A45E,1156190,UNASSIGNED,bancode,,,False
0011A45F,1156191,UNASSIGNED,bancode,,,False
0011A460,1156192,UNASSIGNED,bancode,,,False
0011A461,1156193,UNASSIGNED,bancode,,,False
0011A462,1156194,UNASSIGNED,bancode,,,False
0011A463,1156195,UNASSIGNED,bancode,,,False
0011A464,1156196,UNASSIGNED,bancode,,,False
0011A465,1156197,UNASSIGNED,bancode,,,False
0011A466,1156198,UNASSIGNED,bancode,,,False
0011A467,1156199,UNASSIGNED,bancode,,,False
0011A468,1156200,UNASSIGNED,bancode,,,False
0011A469,1156201,UNASSIGNED,bancode,,,False
0011A46A,1156202,UNASSIGNED,bancode,,,False
0011A46B,1156203,UNASSIGNED,bancode,,,False
0011A46C,1156204,UNASSIGNED,bancode,,,False
0011A46D,1156205,UNASSIGNED,bancode,,,False
0011A46E,1156206,UNASSIGNED,bancode,,,False
0011A46F,1156207,UNASSIGNED,bancode,,,False
0011A470,1156208,UNASSIGNED,bancode,,,False
0011A471,1156209,UNASSIGNED,bancode,,,False
0011A472,1156210,UNASSIGNED,bancode,,,False
0011A473,1156211,UNASSIGNED,bancode,,,False
0011A474,1156212,UNASSIGNED,bancode,,,False
0011A475,1156213,UNASSIGNED,bancode,,,False
0011A476,1156214,UNASSIGNED,bancode,,,False
0011A477,1156215,UNASSIGNED,bancode,,,False
0011A478,1156216,UNASSIGNED,bancode,,,False
0011A479,1156217,UNASSIGNED,bancode,,,False
0011A47A,1156218,UNASSIGNED,bancode,,,False
0011A47B,1156219,UNASSIGNED,bancode,,,False
0011A47C,1156220,UNASSIGNED,bancode,,,False
0011A47D,1156221,UNASSIGNED,bancode,,,False
0011A47E,1156222,UNASSIGNED,bancode,,,False
0011A47F,1156223,UNASSIGNED,bancode,,,False
0011A480,1156224,UNASSIGNED,bancode,,,False
0011A481,1156225,UNASSIGNED,bancode,,,False
0011A482,1156226,UNASSIGNED,bancode,,,False
0011A483,1156227,UNASSIGNED,bancode,,,False
0011A484,1156228,UNASSIGNED,bancode,,,False
0011A485,1156229,UNASSIGNED,bancode,,,False
0011A486,1156230,UNASSIGNED,bancode,,,False
0011A487,1156231,UNASSIGNED,bancode,,,False
0011A488,1156232,UNASSIGNED,bancode,,,False
0011A489,1156233,UNASSIGNED,bancode,,,False
0011A48A,1156234,UNASSIGNED,bancode,,,False
0011A48B,1156235,UNASSIGNED,bancode,,,False
0011A48C,1156236,UNASSIGNED,bancode,,,False
0011A48D,1156237,UNASSIGNED,bancode,,,False
0011A48E,1156238,UNASSIGNED,bancode,,,False
0011A48F,1156239,UNASSIGNED,bancode,,,False
0011A490,1156240,UNASSIGNED,bancode,,,False
0011A491,1156241,UNASSIGNED,bancode,,,False
0011A492,1156242,UNASSIGNED,bancode,,,False
0011A493,1156243,UNASSIGNED,bancode,,,False
0011A494,1156244,UNASSIGNED,bancode,,,False
0011A495,1156245,UNASSIGNED,bancode,,,False
0011A496,1156246,UNASSIGNED,bancode,,,False
0011A497,1156247,UNASSIGNED,bancode,,,False
0011A498,1156248,UNASSIGNED,bancode,,,False
0011A499,1156249,UNASSIGNED,bancode,,,False
0011A49A,1156250,UNASSIGNED,bancode,,,False
0011A49B,1156251,UNASSIGNED,bancode,,,False
0011A49C,1156252,UNASSIGNED,bancode,,,False
0011A49D,1156253,UNASSIGNED,bancode,,,False
0011A49E,1156254,UNASSIGNED,bancode,,,False
0011A49F,1156255,UNASSIGNED,bancode,,,False
0011A4A0,1156256,UNASSIGNED,bancode,,,False
0011A4A1,1156257,UNASSIGNED,bancode,,,False
0011A4A2,1156258,UNASSIGNED,bancode,,,False
0011A4A3,1156259,UNASSIGNED,bancode,,,False
0011A4A4,1156260,UNASSIGNED,bancode,,,False
0011A4A5,1156261,UNASSIGNED,bancode,,,False
0011A4A6,1156262,UNASSIGNED,bancode,,,False
0011A4A7,1156263,UNASSIGNED,bancode,,,False
0011A4A8,1156264,UNASSIGNED,bancode,,,False
0011A4A9,1156265,UNASSIGNED,bancode,,,False
0011A4AA,1156266,UNASSIGNED,bancode,,,False
0011A4AB,1156267,UNASSIGNED,bancode,,,False
0011A4AC,1156268,UNASSIGNED,bancode,,,False
0011A4AD,1156269,UNASSIGNED,bancode,,,False
0011A4AE,1156270,UNASSIGNED,bancode,,,False
0011A4AF,1156271,UNASSIGNED,bancode,,,False
0011A4B0,1156272,UNASSIGNED,bancode,,,False
0011A4B1,1156273,UNASSIGNED,bancode,,,False
0011A4B2,1156274,UNASSIGNED,bancode,,,False
0011A4B3,1156275,UNASSIGNED,bancode,,,False
0011A4B4,1156276,UNASSIGNED,bancode,,,False
0011A4B5,1156277,UNASSIGNED,bancode,,,False
0011A4B6,1156278,UNASSIGNED,bancode,,,False
0011A4B7,1156279,UNASSIGNED,bancode,,,False
0011A4B8,1156280,UNASSIGNED,bancode,,,False
0011A4B9,1156281,UNASSIGNED,bancode,,,False
0011A4BA,1156282,UNASSIGNED,bancode,,,False
0011A4BB,1156283,UNASSIGNED,bancode,,,False
0011A4BC,1156284,UNASSIGNED,bancode,,,False
0011A4BD,1156285,UNASSIGNED,bancode,,,False
0011A4BE,1156286,UNASSIGNED,bancode,,,False
0011A4BF,1156287,UNASSIGNED,bancode,,,False
0011A4C0,1156288,UNASSIGNED,bancode,,,False
0011A4C1,1156289,UNASSIGNED,bancode,,,False
0011A4C2,1156290,UNASSIGNED,bancode,,,False
0011A4C3,1156291,UNASSIGNED,bancode,,,False
0011A4C4,1156292,UNASSIGNED,bancode,,,False
0011A4C5,1156293,UNASSIGNED,bancode,,,False
0011A4C6,1156294,UNASSIGNED,bancode,,,False
0011A4C7,1156295,UNASSIGNED,bancode,,,False
0011A4C8,1156296,UNASSIGNED,bancode,,,False
0011A4C9,1156297,UNASSIGNED,bancode,,,False
0011A4CA,1156298,UNASSIGNED,bancode,,,False
0011A4CB,1156299,UNASSIGNED,bancode,,,False
0011A4CC,1156300,UNASSIGNED,bancode,,,False
0011A4CD,1156301,UNASSIGNED,bancode,,,False
0011A4CE,1156302,UNASSIGNED,bancode,,,False
0011A4CF,1156303,UNASSIGNED,bancode,,,False
0011A4D0,1156304,UNASSIGNED,bancode,,,False
0011A4D1,1156305,UNASSIGNED,bancode,,,False
0011A4D2,1156306,UNASSIGNED,bancode,,,False
0011A4D3,1156307,UNASSIGNED,bancode,,,False
0011A4D4,1156308,UNASSIGNED,bancode,,,False
0011A4D5,1156309,UNASSIGNED,bancode,,,False
0011A4D6,1156310,UNASSIGNED,bancode,,,False
0011A4D7,1156311,UNASSIGNED,bancode,,,False
0011A4D8,1156312,UNASSIGNED,bancode,,,False
0011A4D9,1156313,UNASSIGNED,bancode,,,False
0011A4DA,1156314,UNASSIGNED,bancode,,,False
0011A4DB,1156315,UNASSIGNED,bancode,,,False
0011A4DC,1156316,UNASSIGNED,bancode,,,False
0011A4DD,1156317,UNASSIGNED,bancode,,,False
0011A4DE,1156318,UNASSIGNED,bancode,,,False
0011A4DF,1156319,UNASSIGNED,bancode,,,False
0011A4E0,1156320,UNASSIGNED,bancode,,,False
0011A4E1,1156321,UNASSIGNED,bancode,,,False
0011A4E2,1156322,UNASSIGNED,bancode,,,False
0011A4E3,1156323,UNASSIGNED,bancode,,,False
0011A4E4,1156324,UNASSIGNED,bancode,,,False
0011A4E5,1156325,UNASSIGNED,bancode,,,False
0011A4E6,1156326,UNASSIGNED,bancode,,,False
0011A4E7,1156327,UNASSIGNED,bancode,,,False
0011A4E8,1156328,UNASSIGNED,bancode,,,False
0011A4E9,1156329,UNASSIGNED,bancode,,,False
0011A4EA,1156330,UNASSIGNED,bancode,,,False
0011A4EB,1156331,UNASSIGNED,bancode,,,False
0011A4EC,1156332,UNASSIGNED,bancode,,,False
0011A4ED,1156333,UNASSIGNED,bancode,,,False
0011A4EE,1156334,UNASSIGNED,bancode,,,False
0011A4EF,1156335,UNASSIGNED,bancode,,,False
0011A4F0,1156336,UNASSIGNED,bancode,,,False
0011A4F1,1156337,UNASSIGNED,bancode,,,False
0011A4F2,1156338,UNASSIGNED,bancode,,,False
0011A4F3,1156339,UNASSIGNED,bancode,,,False
0011A4F4,1156340,UNASSIGNED,bancode,,,False
0011A4F5,1156341,UNASSIGNED,bancode,,,False
0011A4F6,1156342,UNASSIGNED,bancode,,,False
0011A4F7,1156343,UNASSIGNED,bancode,,,False
0011A4F8,1156344,UNASSIGNED,bancode,,,False
0011A4F9,1156345,UNASSIGNED,bancode,,,False
0011A4FA,1156346,UNASSIGNED,bancode,,,False
0011A4FB,1156347,UNASSIGNED,bancode,,,False
0011A4FC,1156348,UNASSIGNED,bancode,,,False
0011A4FD,1156349,UNASSIGNED,bancode,,,False
0011A4FE,1156350,UNASSIGNED,bancode,,,False
0011A4FF,1156351,UNASSIGNED,bancode,,,False
0011A500,1156352,UNASSIGNED,bancode,,,False
0011A501,1156353,UNASSIGNED,bancode,,,False
0011A502,1156354,UNASSIGNED,bancode,,,False
0011A503,1156355,UNASSIGNED,bancode,,,False
0011A504,1156356,UNASSIGNED,bancode,,,False
0011A505,1156357,UNASSIGNED,bancode,,,False
0011A506,1156358,UNASSIGNED,bancode,,,False
0011A507,1156359,UNASSIGNED,bancode,,,False
0011A508,1156360,UNASSIGNED,bancode,,,False
0011A509,1156361,UNASSIGNED,bancode,,,False
0011A50A,1156362,UNASSIGNED,bancode,,,False
0011A50B,1156363,UNASSIGNED,bancode,,,False
0011A50C,1156364,UNASSIGNED,bancode,,,False
0011A50D,1156365,UNASSIGNED,bancode,,,False
0011A50E,1156366,UNASSIGNED,bancode,,,False
0011A50F,1156367,UNASSIGNED,bancode,,,False
0011A510,1156368,UNASSIGNED,bancode,,,False
0011A511,1156369,UNASSIGNED,bancode,,,False
0011A512,1156370,UNASSIGNED,bancode,,,False
0011A513,1156371,UNASSIGNED,bancode,,,False
0011A514,1156372,UNASSIGNED,bancode,,,False
0011A515,1156373,UNASSIGNED,bancode,,,False
0011A516,1156374,UNASSIGNED,bancode,,,False
0011A517,1156375,UNASSIGNED,bancode,,,False
0011A518,1156376,UNASSIGNED,bancode,,,False
0011A519,1156377,UNASSIGNED,bancode,,,False
0011A51A,1156378,UNASSIGNED,bancode,,,False
0011A51B,1156379,UNASSIGNED,bancode,,,False
0011A51C,1156380,UNASSIGNED,bancode,,,False
0011A51D,1156381,UNASSIGNED,bancode,,,False
0011A51E,1156382,UNASSIGNED,bancode,,,False
0011A51F,1156383,UNASSIGNED,bancode,,,False
0011A520,1156384,UNASSIGNED,bancode,,,False
0011A521,1156385,UNASSIGNED,bancode,,,False
0011A522,1156386,UNASSIGNED,bancode,,,False
0011A523,1156387,UNASSIGNED,bancode,,,False
0011A524,1156388,UNASSIGNED,bancode,,,False
0011A525,1156389,UNASSIGNED,bancode,,,False
0011A526,1156390,UNASSIGNED,bancode,,,False
0011A527,1156391,UNASSIGNED,bancode,,,False
0011A528,1156392,UNASSIGNED,bancode,,,False
0011A529,1156393,UNASSIGNED,bancode,,,False
0011A52A,1156394,UNASSIGNED,bancode,,,False
0011A52B,1156395,UNASSIGNED,bancode,,,False
0011A52C,1156396,UNASSIGNED,bancode,,,False
0011A52D,1156397,UNASSIGNED,bancode,,,False
0011A52E,1156398,UNASSIGNED,bancode,,,False
0011A52F,1156399,UNASSIGNED,bancode,,,False
0011A530,1156400,UNASSIGNED,bancode,,,False
0011A531,1156401,UNASSIGNED,bancode,,,False
0011A532,1156402,UNASSIGNED,bancode,,,False
0011A533,1156403,UNASSIGNED,bancode,,,False
0011A534,1156404,UNASSIGNED,bancode,,,False
0011A535,1156405,UNASSIGNED,bancode,,,False
0011A536,1156406,UNASSIGNED,bancode,,,False
0011A537,1156407,UNASSIGNED,bancode,,,False
0011A538,1156408,UNASSIGNED,bancode,,,False
0011A539,1156409,UNASSIGNED,bancode,,,False
0011A53A,1156410,UNASSIGNED,bancode,,,False
0011A53B,1156411,UNASSIGNED,bancode,,,False
0011A53C,1156412,UNASSIGNED,bancode,,,False
0011A53D,1156413,UNASSIGNED,bancode,,,False
0011A53E,1156414,UNASSIGNED,bancode,,,False
0011A53F,1156415,UNASSIGNED,bancode,,,False
0011A540,1156416,UNASSIGNED,bancode,,,False
0011A541,1156417,UNASSIGNED,bancode,,,False
0011A542,1156418,UNASSIGNED,bancode,,,False
0011A543,1156419,UNASSIGNED,bancode,,,False
0011A544,1156420,UNASSIGNED,bancode,,,False
0011A545,1156421,UNASSIGNED,bancode,,,False
0011A546,1156422,UNASSIGNED,bancode,,,False
0011A547,1156423,UNASSIGNED,bancode,,,False
0011A548,1156424,UNASSIGNED,bancode,,,False
0011A549,1156425,UNASSIGNED,bancode,,,False
0011A54A,1156426,UNASSIGNED,bancode,,,False
0011A54B,1156427,UNASSIGNED,bancode,,,False
0011A54C,1156428,UNASSIGNED,bancode,,,False
0011A54D,1156429,UNASSIGNED,bancode,,,False
0011A54E,1156430,UNASSIGNED,bancode,,,False
0011A54F,1156431,UNASSIGNED,bancode,,,False
0011A550,1156432,UNASSIGNED,bancode,,,False
0011A551,1156433,UNASSIGNED,bancode,,,False
0011A552,1156434,UNASSIGNED,bancode,,,False
0011A553,1156435,UNASSIGNED,bancode,,,False
0011A554,1156436,UNASSIGNED,bancode,,,False
0011A555,1156437,UNASSIGNED,bancode,,,False
0011A556,1156438,UNASSIGNED,bancode,,,False
0011A557,1156439,UNASSIGNED,bancode,,,False
0011A558,1156440,UNASSIGNED,bancode,,,False
0011A559,1156441,UNASSIGNED,bancode,,,False
0011A55A,1156442,UNASSIGNED,bancode,,,False
0011A55B,1156443,UNASSIGNED,bancode,,,False
0011A55C,1156444,UNASSIGNED,bancode,,,False
0011A55D,1156445,UNASSIGNED,bancode,,,False
0011A55E,1156446,UNASSIGNED,bancode,,,False
0011A55F,1156447,UNASSIGNED,bancode,,,False
0011A560,1156448,UNASSIGNED,bancode,,,False
0011A561,1156449,UNASSIGNED,bancode,,,False
0011A562,1156450,UNASSIGNED,bancode,,,False
0011A563,1156451,UNASSIGNED,bancode,,,False
0011A564,1156452,UNASSIGNED,bancode,,,False
0011A565,1156453,UNASSIGNED,bancode,,,False
0011A566,1156454,UNASSIGNED,bancode,,,False
0011A567,1156455,UNASSIGNED,bancode,,,False
0011A568,1156456,UNASSIGNED,bancode,,,False
0011A569,1156457,UNASSIGNED,bancode,,,False
0011A56A,1156458,UNASSIGNED,bancode,,,False
0011A56B,1156459,UNASSIGNED,bancode,,,False
0011A56C,1156460,UNASSIGNED,bancode,,,False
0011A56D,1156461,UNASSIGNED,bancode,,,False
0011A56E,1156462,UNASSIGNED,bancode,,,False
0011A56F,1156463,UNASSIGNED,bancode,,,False
0011A570,1156464,UNASSIGNED,bancode,,,False
0011A571,1156465,UNASSIGNED,bancode,,,False
0011A572,1156466,UNASSIGNED,bancode,,,False
0011A573,1156467,UNASSIGNED,bancode,,,False
0011A574,1156468,UNASSIGNED,bancode,,,False
0011A575,1156469,UNASSIGNED,bancode,,,False
0011A576,1156470,UNASSIGNED,bancode,,,False
0011A577,1156471,UNASSIGNED,bancode,,,False
0011A578,1156472,UNASSIGNED,bancode,,,False
0011A579,1156473,UNASSIGNED,bancode,,,False
0011A57A,1156474,UNASSIGNED,bancode,,,False
0011A57B,1156475,UNASSIGNED,bancode,,,False
0011A57C,1156476,UNASSIGNED,bancode,,,False
0011A57D,1156477,UNASSIGNED,bancode,,,False
0011A57E,1156478,UNASSIGNED,bancode,,,False
0011A57F,1156479,UNASSIGNED,bancode,,,False
0011A580,1156480,UNASSIGNED,bancode,,,False
0011A581,1156481,UNASSIGNED,bancode,,,False
0011A582,1156482,UNASSIGNED,bancode,,,False
0011A583,1156483,UNASSIGNED,bancode,,,False
0011A584,1156484,UNASSIGNED,bancode,,,False
0011A585,1156485,UNASSIGNED,bancode,,,False
0011A586,1156486,UNASSIGNED,bancode,,,False
0011A587,1156487,UNASSIGNED,bancode,,,False
0011A588,1156488,UNASSIGNED,bancode,,,False
0011A589,1156489,UNASSIGNED,bancode,,,False
0011A58A,1156490,UNASSIGNED,bancode,,,False
0011A58B,1156491,UNASSIGNED,bancode,,,False
0011A58C,1156492,UNASSIGNED,bancode,,,False
0011A58D,1156493,UNASSIGNED,bancode,,,False
0011A58E,1156494,UNASSIGNED,bancode,,,False
0011A58F,1156495,UNASSIGNED,bancode,,,False
0011A590,1156496,UNASSIGNED,bancode,,,False
0011A591,1156497,UNASSIGNED,bancode,,,False
0011A592,1156498,UNASSIGNED,bancode,,,False
0011A593,1156499,UNASSIGNED,bancode,,,False
0011A594,1156500,UNASSIGNED,bancode,,,False
0011A595,1156501,UNASSIGNED,bancode,,,False
0011A596,1156502,UNASSIGNED,bancode,,,False
0011A597,1156503,UNASSIGNED,bancode,,,False
0011A598,1156504,UNASSIGNED,bancode,,,False
0011A599,1156505,UNASSIGNED,bancode,,,False
0011A59A,1156506,UNASSIGNED,bancode,,,False
0011A59B,1156507,UNASSIGNED,bancode,,,False
0011A59C,1156508,UNASSIGNED,bancode,,,False
0011A59D,1156509,UNASSIGNED,bancode,,,False
0011A59E,1156510,UNASSIGNED,bancode,,,False
0011A59F,1156511,UNASSIGNED,bancode,,,False
0011A5A0,1156512,UNASSIGNED,bancode,,,False
0011A5A1,1156513,UNASSIGNED,bancode,,,False
0011A5A2,1156514,UNASSIGNED,bancode,,,False
0011A5A3,1156515,UNASSIGNED,bancode,,,False
0011A5A4,1156516,UNASSIGNED,bancode,,,False
0011A5A5,1156517,UNASSIGNED,bancode,,,False
0011A5A6,1156518,UNASSIGNED,bancode,,,False
0011A5A7,1156519,UNASSIGNED,bancode,,,False
0011A5A8,1156520,UNASSIGNED,bancode,,,False
0011A5A9,1156521,UNASSIGNED,bancode,,,False
0011A5AA,1156522,UNASSIGNED,bancode,,,False
0011A5AB,1156523,UNASSIGNED,bancode,,,False
0011A5AC,1156524,UNASSIGNED,bancode,,,False
0011A5AD,1156525,UNASSIGNED,bancode,,,False
0011A5AE,1156526,UNASSIGNED,bancode,,,False
0011A5AF,1156527,UNASSIGNED,bancode,,,False
0011A5B0,1156528,UNASSIGNED,bancode,,,False
0011A5B1,1156529,UNASSIGNED,bancode,,,False
0011A5B2,1156530,UNASSIGNED,bancode,,,False
0011A5B3,1156531,UNASSIGNED,bancode,,,False
0011A5B4,1156532,UNASSIGNED,bancode,,,False
0011A5B5,1156533,UNASSIGNED,bancode,,,False
0011A5B6,1156534,UNASSIGNED,bancode,,,False
0011A5B7,1156535,UNASSIGNED,bancode,,,False
0011A5B8,1156536,UNASSIGNED,bancode,,,False
0011A5B9,1156537,UNASSIGNED,bancode,,,False
0011A5BA,1156538,UNASSIGNED,bancode,,,False
0011A5BB,1156539,UNASSIGNED,bancode,,,False
0011A5BC,1156540,UNASSIGNED,bancode,,,False
0011A5BD,1156541,UNASSIGNED,bancode,,,False
0011A5BE,1156542,UNASSIGNED,bancode,,,False
0011A5BF,1156543,UNASSIGNED,bancode,,,False
0011A5C0,1156544,UNASSIGNED,bancode,,,False
0011A5C1,1156545,UNASSIGNED,bancode,,,False
0011A5C2,1156546,UNASSIGNED,bancode,,,False
0011A5C3,1156547,UNASSIGNED,bancode,,,False
0011A5C4,1156548,UNASSIGNED,bancode,,,False
0011A5C5,1156549,UNASSIGNED,bancode,,,False
0011A5C6,1156550,UNASSIGNED,bancode,,,False
0011A5C7,1156551,UNASSIGNED,bancode,,,False
0011A5C8,1156552,UNASSIGNED,bancode,,,False
0011A5C9,1156553,UNASSIGNED,bancode,,,False
0011A5CA,1156554,UNASSIGNED,bancode,,,False
0011A5CB,1156555,UNASSIGNED,bancode,,,False
0011A5CC,1156556,UNASSIGNED,bancode,,,False
0011A5CD,1156557,UNASSIGNED,bancode,,,False
0011A5CE,1156558,UNASSIGNED,bancode,,,False
0011A5CF,1156559,UNASSIGNED,bancode,,,False
0011A5D0,1156560,UNASSIGNED,bancode,,,False
0011A5D1,1156561,UNASSIGNED,bancode,,,False
0011A5D2,1156562,UNASSIGNED,bancode,,,False
0011A5D3,1156563,UNASSIGNED,bancode,,,False
0011A5D4,1156564,UNASSIGNED,bancode,,,False
0011A5D5,1156565,UNASSIGNED,bancode,,,False
0011A5D6,1156566,UNASSIGNED,bancode,,,False
0011A5D7,1156567,UNASSIGNED,bancode,,,False
0011A5D8,1156568,UNASSIGNED,bancode,,,False
0011A5D9,1156569,UNASSIGNED,bancode,,,False
0011A5DA,1156570,UNASSIGNED,bancode,,,False
0011A5DB,1156571,UNASSIGNED,bancode,,,False
0011A5DC,1156572,UNASSIGNED,bancode,,,False
0011A5DD,1156573,UNASSIGNED,bancode,,,False
0011A5DE,1156574,UNASSIGNED,bancode,,,False
0011A5DF,1156575,UNASSIGNED,bancode,,,False
0011A5E0,1156576,UNASSIGNED,bancode,,,False
0011A5E1,1156577,UNASSIGNED,bancode,,,False
0011A5E2,1156578,UNASSIGNED,bancode,,,False
0011A5E3,1156579,UNASSIGNED,bancode,,,False
0011A5E4,1156580,UNASSIGNED,bancode,,,False
0011A5E5,1156581,UNASSIGNED,bancode,,,False
0011A5E6,1156582,UNASSIGNED,bancode,,,False
0011A5E7,1156583,UNASSIGNED,bancode,,,False
0011A5E8,1156584,UNASSIGNED,bancode,,,False
0011A5E9,1156585,UNASSIGNED,bancode,,,False
0011A5EA,1156586,UNASSIGNED,bancode,,,False
0011A5EB,1156587,UNASSIGNED,bancode,,,False
0011A5EC,1156588,UNASSIGNED,bancode,,,False
0011A5ED,1156589,UNASSIGNED,bancode,,,False
0011A5EE,1156590,UNASSIGNED,bancode,,,False
0011A5EF,1156591,UNASSIGNED,bancode,,,False
0011A5F0,1156592,UNASSIGNED,bancode,,,False
0011A5F1,1156593,UNASSIGNED,bancode,,,False
0011A5F2,1156594,UNASSIGNED,bancode,,,False
0011A5F3,1156595,UNASSIGNED,bancode,,,False
0011A5F4,1156596,UNASSIGNED,bancode,,,False
0011A5F5,1156597,UNASSIGNED,bancode,,,False
0011A5F6,1156598,UNASSIGNED,bancode,,,False
0011A5F7,1156599,UNASSIGNED,bancode,,,False
0011A5F8,1156600,UNASSIGNED,bancode,,,False
0011A5F9,1156601,UNASSIGNED,bancode,,,False
0011A5FA,1156602,UNASSIGNED,bancode,,,False
0011A5FB,1156603,UNASSIGNED,bancode,,,False
0011A5FC,1156604,UNASSIGNED,bancode,,,False
0011A5FD,1156605,UNASSIGNED,bancode,,,False
0011A5FE,1156606,UNASSIGNED,bancode,,,False
0011A5FF,1156607,UNASSIGNED,bancode,,,False
0011A600,1156608,UNASSIGNED,bancode,,,False
0011A601,1156609,UNASSIGNED,bancode,,,False
0011A602,1156610,UNASSIGNED,bancode,,,False
0011A603,1156611,UNASSIGNED,bancode,,,False
0011A604,1156612,UNASSIGNED,bancode,,,False
0011A605,1156613,UNASSIGNED,bancode,,,False
0011A606,1156614,UNASSIGNED,bancode,,,False
0011A607,1156615,UNASSIGNED,bancode,,,False
0011A608,1156616,UNASSIGNED,bancode,,,False
0011A609,1156617,UNASSIGNED,bancode,,,False
0011A60A,1156618,UNASSIGNED,bancode,,,False
0011A60B,1156619,UNASSIGNED,bancode,,,False
0011A60C,1156620,UNASSIGNED,bancode,,,False
0011A60D,1156621,UNASSIGNED,bancode,,,False
0011A60E,1156622,UNASSIGNED,bancode,,,False
0011A60F,1156623,UNASSIGNED,bancode,,,False
0011A610,1156624,UNASSIGNED,bancode,,,False
0011A611,1156625,UNASSIGNED,bancode,,,False
0011A612,1156626,UNASSIGNED,bancode,,,False
0011A613,1156627,UNASSIGNED,bancode,,,False
0011A614,1156628,UNASSIGNED,bancode,,,False
0011A615,1156629,UNASSIGNED,bancode,,,False
0011A616,1156630,UNASSIGNED,bancode,,,False
0011A617,1156631,UNASSIGNED,bancode,,,False
0011A618,1156632,UNASSIGNED,bancode,,,False
0011A619,1156633,UNASSIGNED,bancode,,,False
0011A61A,1156634,UNASSIGNED,bancode,,,False
0011A61B,1156635,UNASSIGNED,bancode,,,False
0011A61C,1156636,UNASSIGNED,bancode,,,False
0011A61D,1156637,UNASSIGNED,bancode,,,False
0011A61E,1156638,UNASSIGNED,bancode,,,False
0011A61F,1156639,UNASSIGNED,bancode,,,False
0011A620,1156640,UNASSIGNED,bancode,,,False
0011A621,1156641,UNASSIGNED,bancode,,,False
0011A622,1156642,UNASSIGNED,bancode,,,False
0011A623,1156643,UNASSIGNED,bancode,,,False
0011A624,1156644,UNASSIGNED,bancode,,,False
0011A625,1156645,UNASSIGNED,bancode,,,False
0011A626,1156646,UNASSIGNED,bancode,,,False
0011A627,1156647,UNASSIGNED,bancode,,,False
0011A628,1156648,UNASSIGNED,bancode,,,False
0011A629,1156649,UNASSIGNED,bancode,,,False
0011A62A,1156650,UNASSIGNED,bancode,,,False
0011A62B,1156651,UNASSIGNED,bancode,,,False
0011A62C,1156652,UNASSIGNED,bancode,,,False
0011A62D,1156653,UNASSIGNED,bancode,,,False
0011A62E,1156654,UNASSIGNED,bancode,,,False
0011A62F,1156655,UNASSIGNED,bancode,,,False
0011A630,1156656,UNASSIGNED,bancode,,,False
0011A631,1156657,UNASSIGNED,bancode,,,False
0011A632,1156658,UNASSIGNED,bancode,,,False
0011A633,1156659,UNASSIGNED,bancode,,,False
0011A634,1156660,UNASSIGNED,bancode,,,False
0011A635,1156661,UNASSIGNED,bancode,,,False
0011A636,1156662,UNASSIGNED,bancode,,,False
0011A637,1156663,UNASSIGNED,bancode,,,False
0011A638,1156664,UNASSIGNED,bancode,,,False
0011A639,1156665,UNASSIGNED,bancode,,,False
0011A63A,1156666,UNASSIGNED,bancode,,,False
0011A63B,1156667,UNASSIGNED,bancode,,,False
0011A63C,1156668,UNASSIGNED,bancode,,,False
0011A63D,1156669,UNASSIGNED,bancode,,,False
0011A63E,1156670,UNASSIGNED,bancode,,,False
0011A63F,1156671,UNASSIGNED,bancode,,,False
0011A640,1156672,UNASSIGNED,bancode,,,False
0011A641,1156673,UNASSIGNED,bancode,,,False
0011A642,1156674,UNASSIGNED,bancode,,,False
0011A643,1156675,UNASSIGNED,bancode,,,False
0011A644,1156676,UNASSIGNED,bancode,,,False
0011A645,1156677,UNASSIGNED,bancode,,,False
0011A646,1156678,UNASSIGNED,bancode,,,False
0011A647,1156679,UNASSIGNED,bancode,,,False
0011A648,1156680,UNASSIGNED,bancode,,,False
0011A649,1156681,UNASSIGNED,bancode,,,False
0011A64A,1156682,UNASSIGNED,bancode,,,False
0011A64B,1156683,UNASSIGNED,bancode,,,False
0011A64C,1156684,UNASSIGNED,bancode,,,False
0011A64D,1156685,UNASSIGNED,bancode,,,False
0011A64E,1156686,UNASSIGNED,bancode,,,False
0011A64F,1156687,UNASSIGNED,bancode,,,False
0011A650,1156688,UNASSIGNED,bancode,,,False
0011A651,1156689,UNASSIGNED,bancode,,,False
0011A652,1156690,UNASSIGNED,bancode,,,False
0011A653,1156691,UNASSIGNED,bancode,,,False
0011A654,1156692,UNASSIGNED,bancode,,,False
0011A655,1156693,UNASSIGNED,bancode,,,False
0011A656,1156694,UNASSIGNED,bancode,,,False
0011A657,1156695,UNASSIGNED,bancode,,,False
0011A658,1156696,UNASSIGNED,bancode,,,False
0011A659,1156697,UNASSIGNED,bancode,,,False
0011A65A,1156698,UNASSIGNED,bancode,,,False
0011A65B,1156699,UNASSIGNED,bancode,,,False
0011A65C,1156700,UNASSIGNED,bancode,,,False
0011A65D,1156701,UNASSIGNED,bancode,,,False
0011A65E,1156702,UNASSIGNED,bancode,,,False
0011A65F,1156703,UNASSIGNED,bancode,,,False
0011A660,1156704,UNASSIGNED,bancode,,,False
0011A661,1156705,UNASSIGNED,bancode,,,False
0011A662,1156706,UNASSIGNED,bancode,,,False
0011A663,1156707,UNASSIGNED,bancode,,,False
0011A664,1156708,UNASSIGNED,bancode,,,False
0011A665,1156709,UNASSIGNED,bancode,,,False
0011A666,1156710,UNASSIGNED,bancode,,,False
0011A667,1156711,UNASSIGNED,bancode,,,False
0011A668,1156712,UNASSIGNED,bancode,,,False
0011A669,1156713,UNASSIGNED,bancode,,,False
0011A66A,1156714,UNASSIGNED,bancode,,,False
0011A66B,1156715,UNASSIGNED,bancode,,,False
0011A66C,1156716,UNASSIGNED,bancode,,,False
0011A66D,1156717,UNASSIGNED,bancode,,,False
0011A66E,1156718,UNASSIGNED,bancode,,,False
0011A66F,1156719,UNASSIGNED,bancode,,,False
0011A670,1156720,UNASSIGNED,bancode,,,False
0011A671,1156721,UNASSIGNED,bancode,,,False
0011A672,1156722,UNASSIGNED,bancode,,,False
0011A673,1156723,UNASSIGNED,bancode,,,False
0011A674,1156724,UNASSIGNED,bancode,,,False
0011A675,1156725,UNASSIGNED,bancode,,,False
0011A676,1156726,UNASSIGNED,bancode,,,False
0011A677,1156727,UNASSIGNED,bancode,,,False
0011A678,1156728,UNASSIGNED,bancode,,,False
0011A679,1156729,UNASSIGNED,bancode,,,False
0011A67A,1156730,UNASSIGNED,bancode,,,False
0011A67B,1156731,UNASSIGNED,bancode,,,False
0011A67C,1156732,UNASSIGNED,bancode,,,False
0011A67D,1156733,UNASSIGNED,bancode,,,False
0011A67E,1156734,UNASSIGNED,bancode,,,False
0011A67F,1156735,UNASSIGNED,bancode,,,False
0011A680,1156736,UNASSIGNED,bancode,,,False
0011A681,1156737,UNASSIGNED,bancode,,,False
0011A682,1156738,UNASSIGNED,bancode,,,False
0011A683,1156739,UNASSIGNED,bancode,,,False
0011A684,1156740,UNASSIGNED,bancode,,,False
0011A685,1156741,UNASSIGNED,bancode,,,False
0011A686,1156742,UNASSIGNED,bancode,,,False
0011A687,1156743,UNASSIGNED,bancode,,,False
0011A688,1156744,UNASSIGNED,bancode,,,False
0011A689,1156745,UNASSIGNED,bancode,,,False
0011A68A,1156746,UNASSIGNED,bancode,,,False
0011A68B,1156747,UNASSIGNED,bancode,,,False
0011A68C,1156748,UNASSIGNED,bancode,,,False
0011A68D,1156749,UNASSIGNED,bancode,,,False
0011A68E,1156750,UNASSIGNED,bancode,,,False
0011A68F,1156751,UNASSIGNED,bancode,,,False
0011A690,1156752,UNASSIGNED,bancode,,,False
0011A691,1156753,UNASSIGNED,bancode,,,False
0011A692,1156754,UNASSIGNED,bancode,,,False
0011A693,1156755,UNASSIGNED,bancode,,,False
0011A694,1156756,UNASSIGNED,bancode,,,False
0011A695,1156757,UNASSIGNED,bancode,,,False
0011A696,1156758,UNASSIGNED,bancode,,,False
0011A697,1156759,UNASSIGNED,bancode,,,False
0011A698,1156760,UNASSIGNED,bancode,,,False
0011A699,1156761,UNASSIGNED,bancode,,,False
0011A69A,1156762,UNASSIGNED,bancode,,,False
0011A69B,1156763,UNASSIGNED,bancode,,,False
0011A69C,1156764,UNASSIGNED,bancode,,,False
0011A69D,1156765,UNASSIGNED,bancode,,,False
0011A69E,1156766,UNASSIGNED,bancode,,,False
0011A69F,1156767,UNASSIGNED,bancode,,,False
0011A6A0,1156768,UNASSIGNED,bancode,,,False
0011A6A1,1156769,UNASSIGNED,bancode,,,False
0011A6A2,1156770,UNASSIGNED,bancode,,,False
0011A6A3,1156771,UNASSIGNED,bancode,,,False
0011A6A4,1156772,UNASSIGNED,bancode,,,False
0011A6A5,1156773,UNASSIGNED,bancode,,,False
0011A6A6,1156774,UNASSIGNED,bancode,,,False
0011A6A7,1156775,UNASSIGNED,bancode,,,False
0011A6A8,1156776,UNASSIGNED,bancode,,,False
0011A6A9,1156777,UNASSIGNED,bancode,,,False
0011A6AA,1156778,UNASSIGNED,bancode,,,False
0011A6AB,1156779,UNASSIGNED,bancode,,,False
0011A6AC,1156780,UNASSIGNED,bancode,,,False
0011A6AD,1156781,UNASSIGNED,bancode,,,False
0011A6AE,1156782,UNASSIGNED,bancode,,,False
0011A6AF,1156783,UNASSIGNED,bancode,,,False
0011A6B0,1156784,UNASSIGNED,bancode,,,False
0011A6B1,1156785,UNASSIGNED,bancode,,,False
0011A6B2,1156786,UNASSIGNED,bancode,,,False
0011A6B3,1156787,UNASSIGNED,bancode,,,False
0011A6B4,1156788,UNASSIGNED,bancode,,,False
0011A6B5,1156789,UNASSIGNED,bancode,,,False
0011A6B6,1156790,UNASSIGNED,bancode,,,False
0011A6B7,1156791,UNASSIGNED,bancode,,,False
0011A6B8,1156792,UNASSIGNED,bancode,,,False
0011A6B9,1156793,UNASSIGNED,bancode,,,False
0011A6BA,1156794,UNASSIGNED,bancode,,,False
0011A6BB,1156795,UNASSIGNED,bancode,,,False
0011A6BC,1156796,UNASSIGNED,bancode,,,False
0011A6BD,1156797,UNASSIGNED,bancode,,,False
0011A6BE,1156798,UNASSIGNED,bancode,,,False
0011A6BF,1156799,UNASSIGNED,bancode,,,False
0011A6C0,1156800,UNASSIGNED,bancode,,,False
0011A6C1,1156801,UNASSIGNED,bancode,,,False
0011A6C2,1156802,UNASSIGNED,bancode,,,False
0011A6C3,1156803,UNASSIGNED,bancode,,,False
0011A6C4,1156804,UNASSIGNED,bancode,,,False
0011A6C5,1156805,UNASSIGNED,bancode,,,False
0011A6C6,1156806,UNASSIGNED,bancode,,,False
0011A6C7,1156807,UNASSIGNED,bancode,,,False
0011A6C8,1156808,UNASSIGNED,bancode,,,False
0011A6C9,1156809,UNASSIGNED,bancode,,,False
0011A6CA,1156810,UNASSIGNED,bancode,,,False
0011A6CB,1156811,UNASSIGNED,bancode,,,False
0011A6CC,1156812,UNASSIGNED,bancode,,,False
0011A6CD,1156813,UNASSIGNED,bancode,,,False
0011A6CE,1156814,UNASSIGNED,bancode,,,False
0011A6CF,1156815,UNASSIGNED,bancode,,,False
0011A6D0,1156816,UNASSIGNED,bancode,,,False
0011A6D1,1156817,UNASSIGNED,bancode,,,False
0011A6D2,1156818,UNASSIGNED,bancode,,,False
0011A6D3,1156819,UNASSIGNED,bancode,,,False
0011A6D4,1156820,UNASSIGNED,bancode,,,False
0011A6D5,1156821,UNASSIGNED,bancode,,,False
0011A6D6,1156822,UNASSIGNED,bancode,,,False
0011A6D7,1156823,UNASSIGNED,bancode,,,False
0011A6D8,1156824,UNASSIGNED,bancode,,,False
0011A6D9,1156825,UNASSIGNED,bancode,,,False
0011A6DA,1156826,UNASSIGNED,bancode,,,False
0011A6DB,1156827,UNASSIGNED,bancode,,,False
0011A6DC,1156828,UNASSIGNED,bancode,,,False
0011A6DD,1156829,UNASSIGNED,bancode,,,False
0011A6DE,1156830,UNASSIGNED,bancode,,,False
0011A6DF,1156831,UNASSIGNED,bancode,,,False
0011A6E0,1156832,UNASSIGNED,bancode,,,False
0011A6E1,1156833,UNASSIGNED,bancode,,,False
0011A6E2,1156834,UNASSIGNED,bancode,,,False
0011A6E3,1156835,UNASSIGNED,bancode,,,False
0011A6E4,1156836,UNASSIGNED,bancode,,,False
0011A6E5,1156837,UNASSIGNED,bancode,,,False
0011A6E6,1156838,UNASSIGNED,bancode,,,False
0011A6E7,1156839,UNASSIGNED,bancode,,,False
0011A6E8,1156840,UNASSIGNED,bancode,,,False
0011A6E9,1156841,UNASSIGNED,bancode,,,False
0011A6EA,1156842,UNASSIGNED,bancode,,,False
0011A6EB,1156843,UNASSIGNED,bancode,,,False
0011A6EC,1156844,UNASSIGNED,bancode,,,False
0011A6ED,1156845,UNASSIGNED,bancode,,,False
0011A6EE,1156846,UNASSIGNED,bancode,,,False
0011A6EF,1156847,UNASSIGNED,bancode,,,False
0011A6F0,1156848,UNASSIGNED,bancode,,,False
0011A6F1,1156849,UNASSIGNED,bancode,,,False
0011A6F2,1156850,UNASSIGNED,bancode,,,False
0011A6F3,1156851,UNASSIGNED,bancode,,,False
0011A6F4,1156852,UNASSIGNED,bancode,,,False
0011A6F5,1156853,UNASSIGNED,bancode,,,False
0011A6F6,1156854,UNASSIGNED,bancode,,,False
0011A6F7,1156855,UNASSIGNED,bancode,,,False
0011A6F8,1156856,UNASSIGNED,bancode,,,False
0011A6F9,1156857,UNASSIGNED,bancode,,,False
0011A6FA,1156858,UNASSIGNED,bancode,,,False
0011A6FB,1156859,UNASSIGNED,bancode,,,False
0011A6FC,1156860,UNASSIGNED,bancode,,,False
0011A6FD,1156861,UNASSIGNED,bancode,,,False
0011A6FE,1156862,UNASSIGNED,bancode,,,False
0011A6FF,1156863,UNASSIGNED,bancode,,,False
0011A700,1156864,UNASSIGNED,bancode,,,False
0011A701,1156865,UNASSIGNED,bancode,,,False
0011A702,1156866,UNASSIGNED,bancode,,,False
0011A703,1156867,UNASSIGNED,bancode,,,False
0011A704,1156868,UNASSIGNED,bancode,,,False
0011A705,1156869,UNASSIGNED,bancode,,,False
0011A706,1156870,UNASSIGNED,bancode,,,False
0011A707,1156871,UNASSIGNED,bancode,,,False
0011A708,1156872,UNASSIGNED,bancode,,,False
0011A709,1156873,UNASSIGNED,bancode,,,False
0011A70A,1156874,UNASSIGNED,bancode,,,False
0011A70B,1156875,UNASSIGNED,bancode,,,False
0011A70C,1156876,UNASSIGNED,bancode,,,False
0011A70D,1156877,UNASSIGNED,bancode,,,False
0011A70E,1156878,UNASSIGNED,bancode,,,False
0011A70F,1156879,UNASSIGNED,bancode,,,False
0011A710,1156880,UNASSIGNED,bancode,,,False
0011A711,1156881,UNASSIGNED,bancode,,,False
0011A712,1156882,UNASSIGNED,bancode,,,False
0011A713,1156883,UNASSIGNED,bancode,,,False
0011A714,1156884,UNASSIGNED,bancode,,,False
0011A715,1156885,UNASSIGNED,bancode,,,False
0011A716,1156886,UNASSIGNED,bancode,,,False
0011A717,1156887,UNASSIGNED,bancode,,,False
0011A718,1156888,UNASSIGNED,bancode,,,False
0011A719,1156889,UNASSIGNED,bancode,,,False
0011A71A,1156890,UNASSIGNED,bancode,,,False
0011A71B,1156891,UNASSIGNED,bancode,,,False
0011A71C,1156892,UNASSIGNED,bancode,,,False
0011A71D,1156893,UNASSIGNED,bancode,,,False
0011A71E,1156894,UNASSIGNED,bancode,,,False
0011A71F,1156895,UNASSIGNED,bancode,,,False
0011A720,1156896,UNASSIGNED,bancode,,,False
0011A721,1156897,UNASSIGNED,bancode,,,False
0011A722,1156898,UNASSIGNED,bancode,,,False
0011A723,1156899,UNASSIGNED,bancode,,,False
0011A724,1156900,UNASSIGNED,bancode,,,False
0011A725,1156901,UNASSIGNED,bancode,,,False
0011A726,1156902,UNASSIGNED,bancode,,,False
0011A727,1156903,UNASSIGNED,bancode,,,False
0011A728,1156904,UNASSIGNED,bancode,,,False
0011A729,1156905,UNASSIGNED,bancode,,,False
0011A72A,1156906,UNASSIGNED,bancode,,,False
0011A72B,1156907,UNASSIGNED,bancode,,,False
0011A72C,1156908,UNASSIGNED,bancode,,,False
0011A72D,1156909,UNASSIGNED,bancode,,,False
0011A72E,1156910,UNASSIGNED,bancode,,,False
0011A72F,1156911,UNASSIGNED,bancode,,,False
0011A730,1156912,UNASSIGNED,bancode,,,False
0011A731,1156913,UNASSIGNED,bancode,,,False
0011A732,1156914,UNASSIGNED,bancode,,,False
0011A733,1156915,UNASSIGNED,bancode,,,False
0011A734,1156916,UNASSIGNED,bancode,,,False
0011A735,1156917,UNASSIGNED,bancode,,,False
0011A736,1156918,UNASSIGNED,bancode,,,False
0011A737,1156919,UNASSIGNED,bancode,,,False
0011A738,1156920,UNASSIGNED,bancode,,,False
0011A739,1156921,UNASSIGNED,bancode,,,False
0011A73A,1156922,UNASSIGNED,bancode,,,False
0011A73B,1156923,UNASSIGNED,bancode,,,False
0011A73C,1156924,UNASSIGNED,bancode,,,False
0011A73D,1156925,UNASSIGNED,bancode,,,False
0011A73E,1156926,UNASSIGNED,bancode,,,False
0011A73F,1156927,UNASSIGNED,bancode,,,False
0011A740,1156928,UNASSIGNED,bancode,,,False
0011A741,1156929,UNASSIGNED,bancode,,,False
0011A742,1156930,UNASSIGNED,bancode,,,False
0011A743,1156931,UNASSIGNED,bancode,,,False
0011A744,1156932,UNASSIGNED,bancode,,,False
0011A745,1156933,UNASSIGNED,bancode,,,False
0011A746,1156934,UNASSIGNED,bancode,,,False
0011A747,1156935,UNASSIGNED,bancode,,,False
0011A748,1156936,UNASSIGNED,bancode,,,False
0011A749,1156937,UNASSIGNED,bancode,,,False
0011A74A,1156938,UNASSIGNED,bancode,,,False
0011A74B,1156939,UNASSIGNED,bancode,,,False
0011A74C,1156940,UNASSIGNED,bancode,,,False
0011A74D,1156941,UNASSIGNED,bancode,,,False
0011A74E,1156942,UNASSIGNED,bancode,,,False
0011A74F,1156943,UNASSIGNED,bancode,,,False
0011A750,1156944,UNASSIGNED,bancode,,,False
0011A751,1156945,UNASSIGNED,bancode,,,False
0011A752,1156946,UNASSIGNED,bancode,,,False
0011A753,1156947,UNASSIGNED,bancode,,,False
0011A754,1156948,UNASSIGNED,bancode,,,False
0011A755,1156949,UNASSIGNED,bancode,,,False
0011A756,1156950,UNASSIGNED,bancode,,,False
0011A757,1156951,UNASSIGNED,bancode,,,False
0011A758,1156952,UNASSIGNED,bancode,,,False
0011A759,1156953,UNASSIGNED,bancode,,,False
0011A75A,1156954,UNASSIGNED,bancode,,,False
0011A75B,1156955,UNASSIGNED,bancode,,,False
0011A75C,1156956,UNASSIGNED,bancode,,,False
0011A75D,1156957,UNASSIGNED,bancode,,,False
0011A75E,1156958,UNASSIGNED,bancode,,,False
0011A75F,1156959,UNASSIGNED,bancode,,,False
0011A760,1156960,UNASSIGNED,bancode,,,False
0011A761,1156961,UNASSIGNED,bancode,,,False
0011A762,1156962,UNASSIGNED,bancode,,,False
0011A763,1156963,UNASSIGNED,bancode,,,False
0011A764,1156964,UNASSIGNED,bancode,,,False
0011A765,1156965,UNASSIGNED,bancode,,,False
0011A766,1156966,UNASSIGNED,bancode,,,False
0011A767,1156967,UNASSIGNED,bancode,,,False
0011A768,1156968,UNASSIGNED,bancode,,,False
0011A769,1156969,UNASSIGNED,bancode,,,False
0011A76A,1156970,UNASSIGNED,bancode,,,False
0011A76B,1156971,UNASSIGNED,bancode,,,False
0011A76C,1156972,UNASSIGNED,bancode,,,False
0011A76D,1156973,UNASSIGNED,bancode,,,False
0011A76E,1156974,UNASSIGNED,bancode,,,False
0011A76F,1156975,UNASSIGNED,bancode,,,False
0011A770,1156976,UNASSIGNED,bancode,,,False
0011A771,1156977,UNASSIGNED,bancode,,,False
0011A772,1156978,UNASSIGNED,bancode,,,False
0011A773,1156979,UNASSIGNED,bancode,,,False
0011A774,1156980,UNASSIGNED,bancode,,,False
0011A775,1156981,UNASSIGNED,bancode,,,False
0011A776,1156982,UNASSIGNED,bancode,,,False
0011A777,1156983,UNASSIGNED,bancode,,,False
0011A778,1156984,UNASSIGNED,bancode,,,False
0011A779,1156985,UNASSIGNED,bancode,,,False
0011A77A,1156986,UNASSIGNED,bancode,,,False
0011A77B,1156987,UNASSIGNED,bancode,,,False
0011A77C,1156988,UNASSIGNED,bancode,,,False
0011A77D,1156989,UNASSIGNED,bancode,,,False
0011A77E,1156990,UNASSIGNED,bancode,,,False
0011A77F,1156991,UNASSIGNED,bancode,,,False
0011A780,1156992,UNASSIGNED,bancode,,,False
0011A781,1156993,UNASSIGNED,bancode,,,False
0011A782,1156994,UNASSIGNED,bancode,,,False
0011A783,1156995,UNASSIGNED,bancode,,,False
0011A784,1156996,UNASSIGNED,bancode,,,False
0011A785,1156997,UNASSIGNED,bancode,,,False
0011A786,1156998,UNASSIGNED,bancode,,,False
0011A787,1156999,UNASSIGNED,bancode,,,False
0011A788,1157000,UNASSIGNED,bancode,,,False
0011A789,1157001,UNASSIGNED,bancode,,,False
0011A78A,1157002,UNASSIGNED,bancode,,,False
0011A78B,1157003,UNASSIGNED,bancode,,,False
0011A78C,1157004,UNASSIGNED,bancode,,,False
0011A78D,1157005,UNASSIGNED,bancode,,,False
0011A78E,1157006,UNASSIGNED,bancode,,,False
0011A78F,1157007,UNASSIGNED,bancode,,,False
0011A790,1157008,UNASSIGNED,bancode,,,False
0011A791,1157009,UNASSIGNED,bancode,,,False
0011A792,1157010,UNASSIGNED,bancode,,,False
0011A793,1157011,UNASSIGNED,bancode,,,False
0011A794,1157012,UNASSIGNED,bancode,,,False
0011A795,1157013,UNASSIGNED,bancode,,,False
0011A796,1157014,UNASSIGNED,bancode,,,False
0011A797,1157015,UNASSIGNED,bancode,,,False
0011A798,1157016,UNASSIGNED,bancode,,,False
0011A799,1157017,UNASSIGNED,bancode,,,False
0011A79A,1157018,UNASSIGNED,bancode,,,False
0011A79B,1157019,UNASSIGNED,bancode,,,False
0011A79C,1157020,UNASSIGNED,bancode,,,False
0011A79D,1157021,UNASSIGNED,bancode,,,False
0011A79E,1157022,UNASSIGNED,bancode,,,False
0011A79F,1157023,UNASSIGNED,bancode,,,False
0011A7A0,1157024,UNASSIGNED,bancode,,,False
0011A7A1,1157025,UNASSIGNED,bancode,,,False
0011A7A2,1157026,UNASSIGNED,bancode,,,False
0011A7A3,1157027,UNASSIGNED,bancode,,,False
0011A7A4,1157028,UNASSIGNED,bancode,,,False
0011A7A5,1157029,UNASSIGNED,bancode,,,False
0011A7A6,1157030,UNASSIGNED,bancode,,,False
0011A7A7,1157031,UNASSIGNED,bancode,,,False
0011A7A8,1157032,UNASSIGNED,bancode,,,False
0011A7A9,1157033,UNASSIGNED,bancode,,,False
0011A7AA,1157034,UNASSIGNED,bancode,,,False
0011A7AB,1157035,UNASSIGNED,bancode,,,False
0011A7AC,1157036,UNASSIGNED,bancode,,,False
0011A7AD,1157037,UNASSIGNED,bancode,,,False
0011A7AE,1157038,UNASSIGNED,bancode,,,False
0011A7AF,1157039,UNASSIGNED,bancode,,,False
0011A7B0,1157040,UNASSIGNED,bancode,,,False
0011A7B1,1157041,UNASSIGNED,bancode,,,False
0011A7B2,1157042,UNASSIGNED,bancode,,,False
0011A7B3,1157043,UNASSIGNED,bancode,,,False
0011A7B4,1157044,UNASSIGNED,bancode,,,False
0011A7B5,1157045,UNASSIGNED,bancode,,,False
0011A7B6,1157046,UNASSIGNED,bancode,,,False
0011A7B7,1157047,UNASSIGNED,bancode,,,False
0011A7B8,1157048,UNASSIGNED,bancode,,,False
0011A7B9,1157049,UNASSIGNED,bancode,,,False
0011A7BA,1157050,UNASSIGNED,bancode,,,False
0011A7BB,1157051,UNASSIGNED,bancode,,,False
0011A7BC,1157052,UNASSIGNED,bancode,,,False
0011A7BD,1157053,UNASSIGNED,bancode,,,False
0011A7BE,1157054,UNASSIGNED,bancode,,,False
0011A7BF,1157055,UNASSIGNED,bancode,,,False
0011A7C0,1157056,UNASSIGNED,bancode,,,False
0011A7C1,1157057,UNASSIGNED,bancode,,,False
0011A7C2,1157058,UNASSIGNED,bancode,,,False
0011A7C3,1157059,UNASSIGNED,bancode,,,False
0011A7C4,1157060,UNASSIGNED,bancode,,,False
0011A7C5,1157061,UNASSIGNED,bancode,,,False
0011A7C6,1157062,UNASSIGNED,bancode,,,False
0011A7C7,1157063,UNASSIGNED,bancode,,,False
0011A7C8,1157064,UNASSIGNED,bancode,,,False
0011A7C9,1157065,UNASSIGNED,bancode,,,False
0011A7CA,1157066,UNASSIGNED,bancode,,,False
0011A7CB,1157067,UNASSIGNED,bancode,,,False
0011A7CC,1157068,UNASSIGNED,bancode,,,False
0011A7CD,1157069,UNASSIGNED,bancode,,,False
0011A7CE,1157070,UNASSIGNED,bancode,,,False
0011A7CF,1157071,UNASSIGNED,bancode,,,False
0011A7D0,1157072,UNASSIGNED,bancode,,,False
0011A7D1,1157073,UNASSIGNED,bancode,,,False
0011A7D2,1157074,UNASSIGNED,bancode,,,False
0011A7D3,1157075,UNASSIGNED,bancode,,,False
0011A7D4,1157076,UNASSIGNED,bancode,,,False
0011A7D5,1157077,UNASSIGNED,bancode,,,False
0011A7D6,1157078,UNASSIGNED,bancode,,,False
0011A7D7,1157079,UNASSIGNED,bancode,,,False
0011A7D8,1157080,UNASSIGNED,bancode,,,False
0011A7D9,1157081,UNASSIGNED,bancode,,,False
0011A7DA,1157082,UNASSIGNED,bancode,,,False
0011A7DB,1157083,UNASSIGNED,bancode,,,False
0011A7DC,1157084,UNASSIGNED,bancode,,,False
0011A7DD,1157085,UNASSIGNED,bancode,,,False
0011A7DE,1157086,UNASSIGNED,bancode,,,False
0011A7DF,1157087,UNASSIGNED,bancode,,,False
0011A7E0,1157088,UNASSIGNED,bancode,,,False
0011A7E1,1157089,UNASSIGNED,bancode,,,False
0011A7E2,1157090,UNASSIGNED,bancode,,,False
0011A7E3,1157091,UNASSIGNED,bancode,,,False
0011A7E4,1157092,UNASSIGNED,bancode,,,False
0011A7E5,1157093,UNASSIGNED,bancode,,,False
0011A7E6,1157094,UNASSIGNED,bancode,,,False
0011A7E7,1157095,UNASSIGNED,bancode,,,False
0011A7E8,1157096,UNASSIGNED,bancode,,,False
0011A7E9,1157097,UNASSIGNED,bancode,,,False
0011A7EA,1157098,UNASSIGNED,bancode,,,False
0011A7EB,1157099,UNASSIGNED,bancode,,,False
0011A7EC,1157100,UNASSIGNED,bancode,,,False
0011A7ED,1157101,UNASSIGNED,bancode,,,False
0011A7EE,1157102,UNASSIGNED,bancode,,,False
0011A7EF,1157103,UNASSIGNED,bancode,,,False
0011A7F0,1157104,UNASSIGNED,bancode,,,False
0011A7F1,1157105,UNASSIGNED,bancode,,,False
0011A7F2,1157106,UNASSIGNED,bancode,,,False
0011A7F3,1157107,UNASSIGNED,bancode,,,False
0011A7F4,1157108,UNASSIGNED,bancode,,,False
0011A7F5,1157109,UNASSIGNED,bancode,,,False
0011A7F6,1157110,UNASSIGNED,bancode,,,False
0011A7F7,1157111,UNASSIGNED,bancode,,,False
0011A7F8,1157112,UNASSIGNED,bancode,,,False
0011A7F9,1157113,UNASSIGNED,bancode,,,False
0011A7FA,1157114,UNASSIGNED,bancode,,,False
0011A7FB,1157115,UNASSIGNED,bancode,,,False
0011A7FC,1157116,UNASSIGNED,bancode,,,False
0011A7FD,1157117,UNASSIGNED,bancode,,,False
0011A7FE,1157118,UNASSIGNED,bancode,,,False
0011A7FF,1157119,UNASSIGNED,bancode,,,False
0011A800,1157120,UNASSIGNED,warncode,,,False
0011A801,1157121,UNASSIGNED,warncode,,,False
0011A802,1157122,UNASSIGNED,warncode,,,False
0011A803,1157123,UNASSIGNED,warncode,,,False
0011A804,1157124,UNASSIGNED,warncode,,,False
0011A805,1157125,UNASSIGNED,warncode,,,False
0011A806,1157126,UNASSIGNED,warncode,,,False
0011A807,1157127,UNASSIGNED,warncode,,,False
0011A808,1157128,UNASSIGNED,warncode,,,False
0011A809,1157129,UNASSIGNED,warncode,,,False
0011A80A,1157130,UNASSIGNED,warncode,,,False
0011A80B,1157131,UNASSIGNED,warncode,,,False
0011A80C,1157132,UNASSIGNED,warncode,,,False
0011A80D,1157133,UNASSIGNED,warncode,,,False
0011A80E,1157134,UNASSIGNED,warncode,,,False
0011A80F,1157135,UNASSIGNED,warncode,,,False
0011A810,1157136,UNASSIGNED,warncode,,,False
0011A811,1157137,UNASSIGNED,warncode,,,False
0011A812,1157138,UNASSIGNED,warncode,,,False
0011A813,1157139,UNASSIGNED,warncode,,,False
0011A814,1157140,UNASSIGNED,warncode,,,False
0011A815,1157141,UNASSIGNED,warncode,,,False
0011A816,1157142,UNASSIGNED,warncode,,,False
0011A817,1157143,UNASSIGNED,warncode,,,False
0011A818,1157144,UNASSIGNED,warncode,,,False
0011A819,1157145,UNASSIGNED,warncode,,,False
0011A81A,1157146,UNASSIGNED,warncode,,,False
0011A81B,1157147,UNASSIGNED,warncode,,,False
0011A81C,1157148,UNASSIGNED,warncode,,,False
0011A81D,1157149,UNASSIGNED,warncode,,,False
0011A81E,1157150,UNASSIGNED,warncode,,,False
0011A81F,1157151,UNASSIGNED,warncode,,,False
0011A820,1157152,UNASSIGNED,warncode,,,False
0011A821,1157153,UNASSIGNED,warncode,,,False
0011A822,1157154,UNASSIGNED,warncode,,,False
0011A823,1157155,UNASSIGNED,warncode,,,False
0011A824,1157156,UNASSIGNED,warncode,,,False
0011A825,1157157,UNASSIGNED,warncode,,,False
0011A826,1157158,UNASSIGNED,warncode,,,False
0011A827,1157159,UNASSIGNED,warncode,,,False
0011A828,1157160,UNASSIGNED,warncode,,,False
0011A829,1157161,UNASSIGNED,warncode,,,False
0011A82A,1157162,UNASSIGNED,warncode,,,False
0011A82B,1157163,UNASSIGNED,warncode,,,False
0011A82C,1157164,UNASSIGNED,warncode,,,False
0011A82D,1157165,UNASSIGNED,warncode,,,False
0011A82E,1157166,UNASSIGNED,warncode,,,False
0011A82F,1157167,UNASSIGNED,warncode,,,False
0011A830,1157168,UNASSIGNED,warncode,,,False
0011A831,1157169,UNASSIGNED,warncode,,,False
0011A832,1157170,UNASSIGNED,warncode,,,False
0011A833,1157171,UNASSIGNED,warncode,,,False
0011A834,1157172,UNASSIGNED,warncode,,,False
0011A835,1157173,UNASSIGNED,warncode,,,False
0011A836,1157174,UNASSIGNED,warncode,,,False
0011A837,1157175,UNASSIGNED,warncode,,,False
0011A838,1157176,UNASSIGNED,warncode,,,False
0011A839,1157177,UNASSIGNED,warncode,,,False
0011A83A,1157178,UNASSIGNED,warncode,,,False
0011A83B,1157179,UNASSIGNED,warncode,,,False
0011A83C,1157180,UNASSIGNED,warncode,,,False
0011A83D,1157181,UNASSIGNED,warncode,,,False
0011A83E,1157182,UNASSIGNED,warncode,,,False
0011A83F,1157183,UNASSIGNED,warncode,,,False
0011A840,1157184,UNASSIGNED,warncode,,,False
0011A841,1157185,UNASSIGNED,warncode,,,False
0011A842,1157186,UNASSIGNED,warncode,,,False
0011A843,1157187,UNASSIGNED,warncode,,,False
0011A844,1157188,UNASSIGNED,warncode,,,False
0011A845,1157189,UNASSIGNED,warncode,,,False
0011A846,1157190,UNASSIGNED,warncode,,,False
0011A847,1157191,UNASSIGNED,warncode,,,False
0011A848,1157192,UNASSIGNED,warncode,,,False
0011A849,1157193,UNASSIGNED,warncode,,,False
0011A84A,1157194,UNASSIGNED,warncode,,,False
0011A84B,1157195,UNASSIGNED,warncode,,,False
0011A84C,1157196,UNASSIGNED,warncode,,,False
0011A84D,1157197,UNASSIGNED,warncode,,,False
0011A84E,1157198,UNASSIGNED,warncode,,,False
0011A84F,1157199,UNASSIGNED,warncode,,,False
0011A850,1157200,UNASSIGNED,warncode,,,False
0011A851,1157201,UNASSIGNED,warncode,,,False
0011A852,1157202,UNASSIGNED,warncode,,,False
0011A853,1157203,UNASSIGNED,warncode,,,False
0011A854,1157204,UNASSIGNED,warncode,,,False
0011A855,1157205,UNASSIGNED,warncode,,,False
0011A856,1157206,UNASSIGNED,warncode,,,False
0011A857,1157207,UNASSIGNED,warncode,,,False
0011A858,1157208,UNASSIGNED,warncode,,,False
0011A859,1157209,UNASSIGNED,warncode,,,False
0011A85A,1157210,UNASSIGNED,warncode,,,False
0011A85B,1157211,UNASSIGNED,warncode,,,False
0011A85C,1157212,UNASSIGNED,warncode,,,False
0011A85D,1157213,UNASSIGNED,warncode,,,False
0011A85E,1157214,UNASSIGNED,warncode,,,False
0011A85F,1157215,UNASSIGNED,warncode,,,False
0011A860,1157216,UNASSIGNED,warncode,,,False
0011A861,1157217,UNASSIGNED,warncode,,,False
0011A862,1157218,UNASSIGNED,warncode,,,False
0011A863,1157219,UNASSIGNED,warncode,,,False
0011A864,1157220,UNASSIGNED,warncode,,,False
0011A865,1157221,UNASSIGNED,warncode,,,False
0011A866,1157222,UNASSIGNED,warncode,,,False
0011A867,1157223,UNASSIGNED,warncode,,,False
0011A868,1157224,UNASSIGNED,warncode,,,False
0011A869,1157225,UNASSIGNED,warncode,,,False
0011A86A,1157226,UNASSIGNED,warncode,,,False
0011A86B,1157227,UNASSIGNED,warncode,,,False
0011A86C,1157228,UNASSIGNED,warncode,,,False
0011A86D,1157229,UNASSIGNED,warncode,,,False
0011A86E,1157230,UNASSIGNED,warncode,,,False
0011A86F,1157231,UNASSIGNED,warncode,,,False
0011A870,1157232,UNASSIGNED,warncode,,,False
0011A871,1157233,UNASSIGNED,warncode,,,False
0011A872,1157234,UNASSIGNED,warncode,,,False
0011A873,1157235,UNASSIGNED,warncode,,,False
0011A874,1157236,UNASSIGNED,warncode,,,False
0011A875,1157237,UNASSIGNED,warncode,,,False
0011A876,1157238,UNASSIGNED,warncode,,,False
0011A877,1157239,UNASSIGNED,warncode,,,False
0011A878,1157240,UNASSIGNED,warncode,,,False
0011A879,1157241,UNASSIGNED,warncode,,,False
0011A87A,1157242,UNASSIGNED,warncode,,,False
0011A87B,1157243,UNASSIGNED,warncode,,,False
0011A87C,1157244,UNASSIGNED,warncode,,,False
0011A87D,1157245,UNASSIGNED,warncode,,,False
0011A87E,1157246,UNASSIGNED,warncode,,,False
0011A87F,1157247,UNASSIGNED,warncode,,,False
0011A880,1157248,UNASSIGNED,warncode,,,False
0011A881,1157249,UNASSIGNED,warncode,,,False
0011A882,1157250,UNASSIGNED,warncode,,,False
0011A883,1157251,UNASSIGNED,warncode,,,False
0011A884,1157252,UNASSIGNED,warncode,,,False
0011A885,1157253,UNASSIGNED,warncode,,,False
0011A886,1157254,UNASSIGNED,warncode,,,False
0011A887,1157255,UNASSIGNED,warncode,,,False
0011A888,1157256,UNASSIGNED,warncode,,,False
0011A889,1157257,UNASSIGNED,warncode,,,False
0011A88A,1157258,UNASSIGNED,warncode,,,False
0011A88B,1157259,UNASSIGNED,warncode,,,False
0011A88C,1157260,UNASSIGNED,warncode,,,False
0011A88D,1157261,UNASSIGNED,warncode,,,False
0011A88E,1157262,UNASSIGNED,warncode,,,False
0011A88F,1157263,UNASSIGNED,warncode,,,False
0011A890,1157264,UNASSIGNED,warncode,,,False
0011A891,1157265,UNASSIGNED,warncode,,,False
0011A892,1157266,UNASSIGNED,warncode,,,False
0011A893,1157267,UNASSIGNED,warncode,,,False
0011A894,1157268,UNASSIGNED,warncode,,,False
0011A895,1157269,UNASSIGNED,warncode,,,False
0011A896,1157270,UNASSIGNED,warncode,,,False
0011A897,1157271,UNASSIGNED,warncode,,,False
0011A898,1157272,UNASSIGNED,warncode,,,False
0011A899,1157273,UNASSIGNED,warncode,,,False
0011A89A,1157274,UNASSIGNED,warncode,,,False
0011A89B,1157275,UNASSIGNED,warncode,,,False
0011A89C,1157276,UNASSIGNED,warncode,,,False
0011A89D,1157277,UNASSIGNED,warncode,,,False
0011A89E,1157278,UNASSIGNED,warncode,,,False
0011A89F,1157279,UNASSIGNED,warncode,,,False
0011A8A0,1157280,UNASSIGNED,warncode,,,False
0011A8A1,1157281,UNASSIGNED,warncode,,,False
0011A8A2,1157282,UNASSIGNED,warncode,,,False
0011A8A3,1157283,UNASSIGNED,warncode,,,False
0011A8A4,1157284,UNASSIGNED,warncode,,,False
0011A8A5,1157285,UNASSIGNED,warncode,,,False
0011A8A6,1157286,UNASSIGNED,warncode,,,False
0011A8A7,1157287,UNASSIGNED,warncode,,,False
0011A8A8,1157288,UNASSIGNED,warncode,,,False
0011A8A9,1157289,UNASSIGNED,warncode,,,False
0011A8AA,1157290,UNASSIGNED,warncode,,,False
0011A8AB,1157291,UNASSIGNED,warncode,,,False
0011A8AC,1157292,UNASSIGNED,warncode,,,False
0011A8AD,1157293,UNASSIGNED,warncode,,,False
0011A8AE,1157294,UNASSIGNED,warncode,,,False
0011A8AF,1157295,UNASSIGNED,warncode,,,False
0011A8B0,1157296,UNASSIGNED,warncode,,,False
0011A8B1,1157297,UNASSIGNED,warncode,,,False
0011A8B2,1157298,UNASSIGNED,warncode,,,False
0011A8B3,1157299,UNASSIGNED,warncode,,,False
0011A8B4,1157300,UNASSIGNED,warncode,,,False
0011A8B5,1157301,UNASSIGNED,warncode,,,False
0011A8B6,1157302,UNASSIGNED,warncode,,,False
0011A8B7,1157303,UNASSIGNED,warncode,,,False
0011A8B8,1157304,UNASSIGNED,warncode,,,False
0011A8B9,1157305,UNASSIGNED,warncode,,,False
0011A8BA,1157306,UNASSIGNED,warncode,,,False
0011A8BB,1157307,UNASSIGNED,warncode,,,False
0011A8BC,1157308,UNASSIGNED,warncode,,,False
0011A8BD,1157309,UNASSIGNED,warncode,,,False
0011A8BE,1157310,UNASSIGNED,warncode,,,False
0011A8BF,1157311,UNASSIGNED,warncode,,,False
0011A8C0,1157312,UNASSIGNED,warncode,,,False
0011A8C1,1157313,UNASSIGNED,warncode,,,False
0011A8C2,1157314,UNASSIGNED,warncode,,,False
0011A8C3,1157315,UNASSIGNED,warncode,,,False
0011A8C4,1157316,UNASSIGNED,warncode,,,False
0011A8C5,1157317,UNASSIGNED,warncode,,,False
0011A8C6,1157318,UNASSIGNED,warncode,,,False
0011A8C7,1157319,UNASSIGNED,warncode,,,False
0011A8C8,1157320,UNASSIGNED,warncode,,,False
0011A8C9,1157321,UNASSIGNED,warncode,,,False
0011A8CA,1157322,UNASSIGNED,warncode,,,False
0011A8CB,1157323,UNASSIGNED,warncode,,,False
0011A8CC,1157324,UNASSIGNED,warncode,,,False
0011A8CD,1157325,UNASSIGNED,warncode,,,False
0011A8CE,1157326,UNASSIGNED,warncode,,,False
0011A8CF,1157327,UNASSIGNED,warncode,,,False
0011A8D0,1157328,UNASSIGNED,warncode,,,False
0011A8D1,1157329,UNASSIGNED,warncode,,,False
0011A8D2,1157330,UNASSIGNED,warncode,,,False
0011A8D3,1157331,UNASSIGNED,warncode,,,False
0011A8D4,1157332,UNASSIGNED,warncode,,,False
0011A8D5,1157333,UNASSIGNED,warncode,,,False
0011A8D6,1157334,UNASSIGNED,warncode,,,False
0011A8D7,1157335,UNASSIGNED,warncode,,,False
0011A8D8,1157336,UNASSIGNED,warncode,,,False
0011A8D9,1157337,UNASSIGNED,warncode,,,False
0011A8DA,1157338,UNASSIGNED,warncode,,,False
0011A8DB,1157339,UNASSIGNED,warncode,,,False
0011A8DC,1157340,UNASSIGNED,warncode,,,False
0011A8DD,1157341,UNASSIGNED,warncode,,,False
0011A8DE,1157342,UNASSIGNED,warncode,,,False
0011A8DF,1157343,UNASSIGNED,warncode,,,False
0011A8E0,1157344,UNASSIGNED,warncode,,,False
0011A8E1,1157345,UNASSIGNED,warncode,,,False
0011A8E2,1157346,UNASSIGNED,warncode,,,False
0011A8E3,1157347,UNASSIGNED,warncode,,,False
0011A8E4,1157348,UNASSIGNED,warncode,,,False
0011A8E5,1157349,UNASSIGNED,warncode,,,False
0011A8E6,1157350,UNASSIGNED,warncode,,,False
0011A8E7,1157351,UNASSIGNED,warncode,,,False
0011A8E8,1157352,UNASSIGNED,warncode,,,False
0011A8E9,1157353,UNASSIGNED,warncode,,,False
0011A8EA,1157354,UNASSIGNED,warncode,,,False
0011A8EB,1157355,UNASSIGNED,warncode,,,False
0011A8EC,1157356,UNASSIGNED,warncode,,,False
0011A8ED,1157357,UNASSIGNED,warncode,,,False
0011A8EE,1157358,UNASSIGNED,warncode,,,False
0011A8EF,1157359,UNASSIGNED,warncode,,,False
0011A8F0,1157360,UNASSIGNED,warncode,,,False
0011A8F1,1157361,UNASSIGNED,warncode,,,False
0011A8F2,1157362,UNASSIGNED,warncode,,,False
0011A8F3,1157363,UNASSIGNED,warncode,,,False
0011A8F4,1157364,UNASSIGNED,warncode,,,False
0011A8F5,1157365,UNASSIGNED,warncode,,,False
0011A8F6,1157366,UNASSIGNED,warncode,,,False
0011A8F7,1157367,UNASSIGNED,warncode,,,False
0011A8F8,1157368,UNASSIGNED,warncode,,,False
0011A8F9,1157369,UNASSIGNED,warncode,,,False
0011A8FA,1157370,UNASSIGNED,warncode,,,False
0011A8FB,1157371,UNASSIGNED,warncode,,,False
0011A8FC,1157372,UNASSIGNED,warncode,,,False
0011A8FD,1157373,UNASSIGNED,warncode,,,False
0011A8FE,1157374,UNASSIGNED,warncode,,,False
0011A8FF,1157375,UNASSIGNED,warncode,,,False
0011A900,1157376,UNASSIGNED,warncode,,,False
0011A901,1157377,UNASSIGNED,warncode,,,False
0011A902,1157378,UNASSIGNED,warncode,,,False
0011A903,1157379,UNASSIGNED,warncode,,,False
0011A904,1157380,UNASSIGNED,warncode,,,False
0011A905,1157381,UNASSIGNED,warncode,,,False
0011A906,1157382,UNASSIGNED,warncode,,,False
0011A907,1157383,UNASSIGNED,warncode,,,False
0011A908,1157384,UNASSIGNED,warncode,,,False
0011A909,1157385,UNASSIGNED,warncode,,,False
0011A90A,1157386,UNASSIGNED,warncode,,,False
0011A90B,1157387,UNASSIGNED,warncode,,,False
0011A90C,1157388,UNASSIGNED,warncode,,,False
0011A90D,1157389,UNASSIGNED,warncode,,,False
0011A90E,1157390,UNASSIGNED,warncode,,,False
0011A90F,1157391,UNASSIGNED,warncode,,,False
0011A910,1157392,UNASSIGNED,warncode,,,False
0011A911,1157393,UNASSIGNED,warncode,,,False
0011A912,1157394,UNASSIGNED,warncode,,,False
0011A913,1157395,UNASSIGNED,warncode,,,False
0011A914,1157396,UNASSIGNED,warncode,,,False
0011A915,1157397,UNASSIGNED,warncode,,,False
0011A916,1157398,UNASSIGNED,warncode,,,False
0011A917,1157399,UNASSIGNED,warncode,,,False
0011A918,1157400,UNASSIGNED,warncode,,,False
0011A919,1157401,UNASSIGNED,warncode,,,False
0011A91A,1157402,UNASSIGNED,warncode,,,False
0011A91B,1157403,UNASSIGNED,warncode,,,False
0011A91C,1157404,UNASSIGNED,warncode,,,False
0011A91D,1157405,UNASSIGNED,warncode,,,False
0011A91E,1157406,UNASSIGNED,warncode,,,False
0011A91F,1157407,UNASSIGNED,warncode,,,False
0011A920,1157408,UNASSIGNED,warncode,,,False
0011A921,1157409,UNASSIGNED,warncode,,,False
0011A922,1157410,UNASSIGNED,warncode,,,False
0011A923,1157411,UNASSIGNED,warncode,,,False
0011A924,1157412,UNASSIGNED,warncode,,,False
0011A925,1157413,UNASSIGNED,warncode,,,False
0011A926,1157414,UNASSIGNED,warncode,,,False
0011A927,1157415,UNASSIGNED,warncode,,,False
0011A928,1157416,UNASSIGNED,warncode,,,False
0011A929,1157417,UNASSIGNED,warncode,,,False
0011A92A,1157418,UNASSIGNED,warncode,,,False
0011A92B,1157419,UNASSIGNED,warncode,,,False
0011A92C,1157420,UNASSIGNED,warncode,,,False
0011A92D,1157421,UNASSIGNED,warncode,,,False
0011A92E,1157422,UNASSIGNED,warncode,,,False
0011A92F,1157423,UNASSIGNED,warncode,,,False
0011A930,1157424,UNASSIGNED,warncode,,,False
0011A931,1157425,UNASSIGNED,warncode,,,False
0011A932,1157426,UNASSIGNED,warncode,,,False
0011A933,1157427,UNASSIGNED,warncode,,,False
0011A934,1157428,UNASSIGNED,warncode,,,False
0011A935,1157429,UNASSIGNED,warncode,,,False
0011A936,1157430,UNASSIGNED,warncode,,,False
0011A937,1157431,UNASSIGNED,warncode,,,False
0011A938,1157432,UNASSIGNED,warncode,,,False
0011A939,1157433,UNASSIGNED,warncode,,,False
0011A93A,1157434,UNASSIGNED,warncode,,,False
0011A93B,1157435,UNASSIGNED,warncode,,,False
0011A93C,1157436,UNASSIGNED,warncode,,,False
0011A93D,1157437,UNASSIGNED,warncode,,,False
0011A93E,1157438,UNASSIGNED,warncode,,,False
0011A93F,1157439,UNASSIGNED,warncode,,,False
0011A940,1157440,UNASSIGNED,warncode,,,False
0011A941,1157441,UNASSIGNED,warncode,,,False
0011A942,1157442,UNASSIGNED,warncode,,,False
0011A943,1157443,UNASSIGNED,warncode,,,False
0011A944,1157444,UNASSIGNED,warncode,,,False
0011A945,1157445,UNASSIGNED,warncode,,,False
0011A946,1157446,UNASSIGNED,warncode,,,False
0011A947,1157447,UNASSIGNED,warncode,,,False
0011A948,1157448,UNASSIGNED,warncode,,,False
0011A949,1157449,UNASSIGNED,warncode,,,False
0011A94A,1157450,UNASSIGNED,warncode,,,False
0011A94B,1157451,UNASSIGNED,warncode,,,False
0011A94C,1157452,UNASSIGNED,warncode,,,False
0011A94D,1157453,UNASSIGNED,warncode,,,False
0011A94E,1157454,UNASSIGNED,warncode,,,False
0011A94F,1157455,UNASSIGNED,warncode,,,False
0011A950,1157456,UNASSIGNED,warncode,,,False
0011A951,1157457,UNASSIGNED,warncode,,,False
0011A952,1157458,UNASSIGNED,warncode,,,False
0011A953,1157459,UNASSIGNED,warncode,,,False
0011A954,1157460,UNASSIGNED,warncode,,,False
0011A955,1157461,UNASSIGNED,warncode,,,False
0011A956,1157462,UNASSIGNED,warncode,,,False
0011A957,1157463,UNASSIGNED,warncode,,,False
0011A958,1157464,UNASSIGNED,warncode,,,False
0011A959,1157465,UNASSIGNED,warncode,,,False
0011A95A,1157466,UNASSIGNED,warncode,,,False
0011A95B,1157467,UNASSIGNED,warncode,,,False
0011A95C,1157468,UNASSIGNED,warncode,,,False
0011A95D,1157469,UNASSIGNED,warncode,,,False
0011A95E,1157470,UNASSIGNED,warncode,,,False
0011A95F,1157471,UNASSIGNED,warncode,,,False
0011A960,1157472,UNASSIGNED,warncode,,,False
0011A961,1157473,UNASSIGNED,warncode,,,False
0011A962,1157474,UNASSIGNED,warncode,,,False
0011A963,1157475,UNASSIGNED,warncode,,,False
0011A964,1157476,UNASSIGNED,warncode,,,False
0011A965,1157477,UNASSIGNED,warncode,,,False
0011A966,1157478,UNASSIGNED,warncode,,,False
0011A967,1157479,UNASSIGNED,warncode,,,False
0011A968,1157480,UNASSIGNED,warncode,,,False
0011A969,1157481,UNASSIGNED,warncode,,,False
0011A96A,1157482,UNASSIGNED,warncode,,,False
0011A96B,1157483,UNASSIGNED,warncode,,,False
0011A96C,1157484,UNASSIGNED,warncode,,,False
0011A96D,1157485,UNASSIGNED,warncode,,,False
0011A96E,1157486,UNASSIGNED,warncode,,,False
0011A96F,1157487,UNASSIGNED,warncode,,,False
0011A970,1157488,UNASSIGNED,warncode,,,False
0011A971,1157489,UNASSIGNED,warncode,,,False
0011A972,1157490,UNASSIGNED,warncode,,,False
0011A973,1157491,UNASSIGNED,warncode,,,False
0011A974,1157492,UNASSIGNED,warncode,,,False
0011A975,1157493,UNASSIGNED,warncode,,,False
0011A976,1157494,UNASSIGNED,warncode,,,False
0011A977,1157495,UNASSIGNED,warncode,,,False
0011A978,1157496,UNASSIGNED,warncode,,,False
0011A979,1157497,UNASSIGNED,warncode,,,False
0011A97A,1157498,UNASSIGNED,warncode,,,False
0011A97B,1157499,UNASSIGNED,warncode,,,False
0011A97C,1157500,UNASSIGNED,warncode,,,False
0011A97D,1157501,UNASSIGNED,warncode,,,False
0011A97E,1157502,UNASSIGNED,warncode,,,False
0011A97F,1157503,UNASSIGNED,warncode,,,False
0011A980,1157504,UNASSIGNED,warncode,,,False
0011A981,1157505,UNASSIGNED,warncode,,,False
0011A982,1157506,UNASSIGNED,warncode,,,False
0011A983,1157507,UNASSIGNED,warncode,,,False
0011A984,1157508,UNASSIGNED,warncode,,,False
0011A985,1157509,UNASSIGNED,warncode,,,False
0011A986,1157510,UNASSIGNED,warncode,,,False
0011A987,1157511,UNASSIGNED,warncode,,,False
0011A988,1157512,UNASSIGNED,warncode,,,False
0011A989,1157513,UNASSIGNED,warncode,,,False
0011A98A,1157514,UNASSIGNED,warncode,,,False
0011A98B,1157515,UNASSIGNED,warncode,,,False
0011A98C,1157516,UNASSIGNED,warncode,,,False
0011A98D,1157517,UNASSIGNED,warncode,,,False
0011A98E,1157518,UNASSIGNED,warncode,,,False
0011A98F,1157519,UNASSIGNED,warncode,,,False
0011A990,1157520,UNASSIGNED,warncode,,,False
0011A991,1157521,UNASSIGNED,warncode,,,False
0011A992,1157522,UNASSIGNED,warncode,,,False
0011A993,1157523,UNASSIGNED,warncode,,,False
0011A994,1157524,UNASSIGNED,warncode,,,False
0011A995,1157525,UNASSIGNED,warncode,,,False
0011A996,1157526,UNASSIGNED,warncode,,,False
0011A997,1157527,UNASSIGNED,warncode,,,False
0011A998,1157528,UNASSIGNED,warncode,,,False
0011A999,1157529,UNASSIGNED,warncode,,,False
0011A99A,1157530,UNASSIGNED,warncode,,,False
0011A99B,1157531,UNASSIGNED,warncode,,,False
0011A99C,1157532,UNASSIGNED,warncode,,,False
0011A99D,1157533,UNASSIGNED,warncode,,,False
0011A99E,1157534,UNASSIGNED,warncode,,,False
0011A99F,1157535,UNASSIGNED,warncode,,,False
0011A9A0,1157536,UNASSIGNED,warncode,,,False
0011A9A1,1157537,UNASSIGNED,warncode,,,False
0011A9A2,1157538,UNASSIGNED,warncode,,,False
0011A9A3,1157539,UNASSIGNED,warncode,,,False
0011A9A4,1157540,UNASSIGNED,warncode,,,False
0011A9A5,1157541,UNASSIGNED,warncode,,,False
0011A9A6,1157542,UNASSIGNED,warncode,,,False
0011A9A7,1157543,UNASSIGNED,warncode,,,False
0011A9A8,1157544,UNASSIGNED,warncode,,,False
0011A9A9,1157545,UNASSIGNED,warncode,,,False
0011A9AA,1157546,UNASSIGNED,warncode,,,False
0011A9AB,1157547,UNASSIGNED,warncode,,,False
0011A9AC,1157548,UNASSIGNED,warncode,,,False
0011A9AD,1157549,UNASSIGNED,warncode,,,False
0011A9AE,1157550,UNASSIGNED,warncode,,,False
0011A9AF,1157551,UNASSIGNED,warncode,,,False
0011A9B0,1157552,UNASSIGNED,warncode,,,False
0011A9B1,1157553,UNASSIGNED,warncode,,,False
0011A9B2,1157554,UNASSIGNED,warncode,,,False
0011A9B3,1157555,UNASSIGNED,warncode,,,False
0011A9B4,1157556,UNASSIGNED,warncode,,,False
0011A9B5,1157557,UNASSIGNED,warncode,,,False
0011A9B6,1157558,UNASSIGNED,warncode,,,False
0011A9B7,1157559,UNASSIGNED,warncode,,,False
0011A9B8,1157560,UNASSIGNED,warncode,,,False
0011A9B9,1157561,UNASSIGNED,warncode,,,False
0011A9BA,1157562,UNASSIGNED,warncode,,,False
0011A9BB,1157563,UNASSIGNED,warncode,,,False
0011A9BC,1157564,UNASSIGNED,warncode,,,False
0011A9BD,1157565,UNASSIGNED,warncode,,,False
0011A9BE,1157566,UNASSIGNED,warncode,,,False
0011A9BF,1157567,UNASSIGNED,warncode,,,False
0011A9C0,1157568,UNASSIGNED,warncode,,,False
0011A9C1,1157569,UNASSIGNED,warncode,,,False
0011A9C2,1157570,UNASSIGNED,warncode,,,False
0011A9C3,1157571,UNASSIGNED,warncode,,,False
0011A9C4,1157572,UNASSIGNED,warncode,,,False
0011A9C5,1157573,UNASSIGNED,warncode,,,False
0011A9C6,1157574,UNASSIGNED,warncode,,,False
0011A9C7,1157575,UNASSIGNED,warncode,,,False
0011A9C8,1157576,UNASSIGNED,warncode,,,False
0011A9C9,1157577,UNASSIGNED,warncode,,,False
0011A9CA,1157578,UNASSIGNED,warncode,,,False
0011A9CB,1157579,UNASSIGNED,warncode,,,False
0011A9CC,1157580,UNASSIGNED,warncode,,,False
0011A9CD,1157581,UNASSIGNED,warncode,,,False
0011A9CE,1157582,UNASSIGNED,warncode,,,False
0011A9CF,1157583,UNASSIGNED,warncode,,,False
0011A9D0,1157584,UNASSIGNED,warncode,,,False
0011A9D1,1157585,UNASSIGNED,warncode,,,False
0011A9D2,1157586,UNASSIGNED,warncode,,,False
0011A9D3,1157587,UNASSIGNED,warncode,,,False
0011A9D4,1157588,UNASSIGNED,warncode,,,False
0011A9D5,1157589,UNASSIGNED,warncode,,,False
0011A9D6,1157590,UNASSIGNED,warncode,,,False
0011A9D7,1157591,UNASSIGNED,warncode,,,False
0011A9D8,1157592,UNASSIGNED,warncode,,,False
0011A9D9,1157593,UNASSIGNED,warncode,,,False
0011A9DA,1157594,UNASSIGNED,warncode,,,False
0011A9DB,1157595,UNASSIGNED,warncode,,,False
0011A9DC,1157596,UNASSIGNED,warncode,,,False
0011A9DD,1157597,UNASSIGNED,warncode,,,False
0011A9DE,1157598,UNASSIGNED,warncode,,,False
0011A9DF,1157599,UNASSIGNED,warncode,,,False
0011A9E0,1157600,UNASSIGNED,warncode,,,False
0011A9E1,1157601,UNASSIGNED,warncode,,,False
0011A9E2,1157602,UNASSIGNED,warncode,,,False
0011A9E3,1157603,UNASSIGNED,warncode,,,False
0011A9E4,1157604,UNASSIGNED,warncode,,,False
0011A9E5,1157605,UNASSIGNED,warncode,,,False
0011A9E6,1157606,UNASSIGNED,warncode,,,False
0011A9E7,1157607,UNASSIGNED,warncode,,,False
0011A9E8,1157608,UNASSIGNED,warncode,,,False
0011A9E9,1157609,UNASSIGNED,warncode,,,False
0011A9EA,1157610,UNASSIGNED,warncode,,,False
0011A9EB,1157611,UNASSIGNED,warncode,,,False
0011A9EC,1157612,UNASSIGNED,warncode,,,False
0011A9ED,1157613,UNASSIGNED,warncode,,,False
0011A9EE,1157614,UNASSIGNED,warncode,,,False
0011A9EF,1157615,UNASSIGNED,warncode,,,False
0011A9F0,1157616,UNASSIGNED,warncode,,,False
0011A9F1,1157617,UNASSIGNED,warncode,,,False
0011A9F2,1157618,UNASSIGNED,warncode,,,False
0011A9F3,1157619,UNASSIGNED,warncode,,,False
0011A9F4,1157620,UNASSIGNED,warncode,,,False
0011A9F5,1157621,UNASSIGNED,warncode,,,False
0011A9F6,1157622,UNASSIGNED,warncode,,,False
0011A9F7,1157623,UNASSIGNED,warncode,,,False
0011A9F8,1157624,UNASSIGNED,warncode,,,False
0011A9F9,1157625,UNASSIGNED,warncode,,,False
0011A9FA,1157626,UNASSIGNED,warncode,,,False
0011A9FB,1157627,UNASSIGNED,warncode,,,False
0011A9FC,1157628,UNASSIGNED,warncode,,,False
0011A9FD,1157629,UNASSIGNED,warncode,,,False
0011A9FE,1157630,UNASSIGNED,warncode,,,False
0011A9FF,1157631,UNASSIGNED,warncode,,,False
0011AA00,1157632,UNASSIGNED,warncode,,,False
0011AA01,1157633,UNASSIGNED,warncode,,,False
0011AA02,1157634,UNASSIGNED,warncode,,,False
0011AA03,1157635,UNASSIGNED,warncode,,,False
0011AA04,1157636,UNASSIGNED,warncode,,,False
0011AA05,1157637,UNASSIGNED,warncode,,,False
0011AA06,1157638,UNASSIGNED,warncode,,,False
0011AA07,1157639,UNASSIGNED,warncode,,,False
0011AA08,1157640,UNASSIGNED,warncode,,,False
0011AA09,1157641,UNASSIGNED,warncode,,,False
0011AA0A,1157642,UNASSIGNED,warncode,,,False
0011AA0B,1157643,UNASSIGNED,warncode,,,False
0011AA0C,1157644,UNASSIGNED,warncode,,,False
0011AA0D,1157645,UNASSIGNED,warncode,,,False
0011AA0E,1157646,UNASSIGNED,warncode,,,False
0011AA0F,1157647,UNASSIGNED,warncode,,,False
0011AA10,1157648,UNASSIGNED,warncode,,,False
0011AA11,1157649,UNASSIGNED,warncode,,,False
0011AA12,1157650,UNASSIGNED,warncode,,,False
0011AA13,1157651,UNASSIGNED,warncode,,,False
0011AA14,1157652,UNASSIGNED,warncode,,,False
0011AA15,1157653,UNASSIGNED,warncode,,,False
0011AA16,1157654,UNASSIGNED,warncode,,,False
0011AA17,1157655,UNASSIGNED,warncode,,,False
0011AA18,1157656,UNASSIGNED,warncode,,,False
0011AA19,1157657,UNASSIGNED,warncode,,,False
0011AA1A,1157658,UNASSIGNED,warncode,,,False
0011AA1B,1157659,UNASSIGNED,warncode,,,False
0011AA1C,1157660,UNASSIGNED,warncode,,,False
0011AA1D,1157661,UNASSIGNED,warncode,,,False
0011AA1E,1157662,UNASSIGNED,warncode,,,False
0011AA1F,1157663,UNASSIGNED,warncode,,,False
0011AA20,1157664,UNASSIGNED,warncode,,,False
0011AA21,1157665,UNASSIGNED,warncode,,,False
0011AA22,1157666,UNASSIGNED,warncode,,,False
0011AA23,1157667,UNASSIGNED,warncode,,,False
0011AA24,1157668,UNASSIGNED,warncode,,,False
0011AA25,1157669,UNASSIGNED,warncode,,,False
0011AA26,1157670,UNASSIGNED,warncode,,,False
0011AA27,1157671,UNASSIGNED,warncode,,,False
0011AA28,1157672,UNASSIGNED,warncode,,,False
0011AA29,1157673,UNASSIGNED,warncode,,,False
0011AA2A,1157674,UNASSIGNED,warncode,,,False
0011AA2B,1157675,UNASSIGNED,warncode,,,False
0011AA2C,1157676,UNASSIGNED,warncode,,,False
0011AA2D,1157677,UNASSIGNED,warncode,,,False
0011AA2E,1157678,UNASSIGNED,warncode,,,False
0011AA2F,1157679,UNASSIGNED,warncode,,,False
0011AA30,1157680,UNASSIGNED,warncode,,,False
0011AA31,1157681,UNASSIGNED,warncode,,,False
0011AA32,1157682,UNASSIGNED,warncode,,,False
0011AA33,1157683,UNASSIGNED,warncode,,,False
0011AA34,1157684,UNASSIGNED,warncode,,,False
0011AA35,1157685,UNASSIGNED,warncode,,,False
0011AA36,1157686,UNASSIGNED,warncode,,,False
0011AA37,1157687,UNASSIGNED,warncode,,,False
0011AA38,1157688,UNASSIGNED,warncode,,,False
0011AA39,1157689,UNASSIGNED,warncode,,,False
0011AA3A,1157690,UNASSIGNED,warncode,,,False
0011AA3B,1157691,UNASSIGNED,warncode,,,False
0011AA3C,1157692,UNASSIGNED,warncode,,,False
0011AA3D,1157693,UNASSIGNED,warncode,,,False
0011AA3E,1157694,UNASSIGNED,warncode,,,False
0011AA3F,1157695,UNASSIGNED,warncode,,,False
0011AA40,1157696,UNASSIGNED,warncode,,,False
0011AA41,1157697,UNASSIGNED,warncode,,,False
0011AA42,1157698,UNASSIGNED,warncode,,,False
0011AA43,1157699,UNASSIGNED,warncode,,,False
0011AA44,1157700,UNASSIGNED,warncode,,,False
0011AA45,1157701,UNASSIGNED,warncode,,,False
0011AA46,1157702,UNASSIGNED,warncode,,,False
0011AA47,1157703,UNASSIGNED,warncode,,,False
0011AA48,1157704,UNASSIGNED,warncode,,,False
0011AA49,1157705,UNASSIGNED,warncode,,,False
0011AA4A,1157706,UNASSIGNED,warncode,,,False
0011AA4B,1157707,UNASSIGNED,warncode,,,False
0011AA4C,1157708,UNASSIGNED,warncode,,,False
0011AA4D,1157709,UNASSIGNED,warncode,,,False
0011AA4E,1157710,UNASSIGNED,warncode,,,False
0011AA4F,1157711,UNASSIGNED,warncode,,,False
0011AA50,1157712,UNASSIGNED,warncode,,,False
0011AA51,1157713,UNASSIGNED,warncode,,,False
0011AA52,1157714,UNASSIGNED,warncode,,,False
0011AA53,1157715,UNASSIGNED,warncode,,,False
0011AA54,1157716,UNASSIGNED,warncode,,,False
0011AA55,1157717,UNASSIGNED,warncode,,,False
0011AA56,1157718,UNASSIGNED,warncode,,,False
0011AA57,1157719,UNASSIGNED,warncode,,,False
0011AA58,1157720,UNASSIGNED,warncode,,,False
0011AA59,1157721,UNASSIGNED,warncode,,,False
0011AA5A,1157722,UNASSIGNED,warncode,,,False
0011AA5B,1157723,UNASSIGNED,warncode,,,False
0011AA5C,1157724,UNASSIGNED,warncode,,,False
0011AA5D,1157725,UNASSIGNED,warncode,,,False
0011AA5E,1157726,UNASSIGNED,warncode,,,False
0011AA5F,1157727,UNASSIGNED,warncode,,,False
0011AA60,1157728,UNASSIGNED,warncode,,,False
0011AA61,1157729,UNASSIGNED,warncode,,,False
0011AA62,1157730,UNASSIGNED,warncode,,,False
0011AA63,1157731,UNASSIGNED,warncode,,,False
0011AA64,1157732,UNASSIGNED,warncode,,,False
0011AA65,1157733,UNASSIGNED,warncode,,,False
0011AA66,1157734,UNASSIGNED,warncode,,,False
0011AA67,1157735,UNASSIGNED,warncode,,,False
0011AA68,1157736,UNASSIGNED,warncode,,,False
0011AA69,1157737,UNASSIGNED,warncode,,,False
0011AA6A,1157738,UNASSIGNED,warncode,,,False
0011AA6B,1157739,UNASSIGNED,warncode,,,False
0011AA6C,1157740,UNASSIGNED,warncode,,,False
0011AA6D,1157741,UNASSIGNED,warncode,,,False
0011AA6E,1157742,UNASSIGNED,warncode,,,False
0011AA6F,1157743,UNASSIGNED,warncode,,,False
0011AA70,1157744,UNASSIGNED,warncode,,,False
0011AA71,1157745,UNASSIGNED,warncode,,,False
0011AA72,1157746,UNASSIGNED,warncode,,,False
0011AA73,1157747,UNASSIGNED,warncode,,,False
0011AA74,1157748,UNASSIGNED,warncode,,,False
0011AA75,1157749,UNASSIGNED,warncode,,,False
0011AA76,1157750,UNASSIGNED,warncode,,,False
0011AA77,1157751,UNASSIGNED,warncode,,,False
0011AA78,1157752,UNASSIGNED,warncode,,,False
0011AA79,1157753,UNASSIGNED,warncode,,,False
0011AA7A,1157754,UNASSIGNED,warncode,,,False
0011AA7B,1157755,UNASSIGNED,warncode,,,False
0011AA7C,1157756,UNASSIGNED,warncode,,,False
0011AA7D,1157757,UNASSIGNED,warncode,,,False
0011AA7E,1157758,UNASSIGNED,warncode,,,False
0011AA7F,1157759,UNASSIGNED,warncode,,,False
0011AA80,1157760,UNASSIGNED,warncode,,,False
0011AA81,1157761,UNASSIGNED,warncode,,,False
0011AA82,1157762,UNASSIGNED,warncode,,,False
0011AA83,1157763,UNASSIGNED,warncode,,,False
0011AA84,1157764,UNASSIGNED,warncode,,,False
0011AA85,1157765,UNASSIGNED,warncode,,,False
0011AA86,1157766,UNASSIGNED,warncode,,,False
0011AA87,1157767,UNASSIGNED,warncode,,,False
0011AA88,1157768,UNASSIGNED,warncode,,,False
0011AA89,1157769,UNASSIGNED,warncode,,,False
0011AA8A,1157770,UNASSIGNED,warncode,,,False
0011AA8B,1157771,UNASSIGNED,warncode,,,False
0011AA8C,1157772,UNASSIGNED,warncode,,,False
0011AA8D,1157773,UNASSIGNED,warncode,,,False
0011AA8E,1157774,UNASSIGNED,warncode,,,False
0011AA8F,1157775,UNASSIGNED,warncode,,,False
0011AA90,1157776,UNASSIGNED,warncode,,,False
0011AA91,1157777,UNASSIGNED,warncode,,,False
0011AA92,1157778,UNASSIGNED,warncode,,,False
0011AA93,1157779,UNASSIGNED,warncode,,,False
0011AA94,1157780,UNASSIGNED,warncode,,,False
0011AA95,1157781,UNASSIGNED,warncode,,,False
0011AA96,1157782,UNASSIGNED,warncode,,,False
0011AA97,1157783,UNASSIGNED,warncode,,,False
0011AA98,1157784,UNASSIGNED,warncode,,,False
0011AA99,1157785,UNASSIGNED,warncode,,,False
0011AA9A,1157786,UNASSIGNED,warncode,,,False
0011AA9B,1157787,UNASSIGNED,warncode,,,False
0011AA9C,1157788,UNASSIGNED,warncode,,,False
0011AA9D,1157789,UNASSIGNED,warncode,,,False
0011AA9E,1157790,UNASSIGNED,warncode,,,False
0011AA9F,1157791,UNASSIGNED,warncode,,,False
0011AAA0,1157792,UNASSIGNED,warncode,,,False
0011AAA1,1157793,UNASSIGNED,warncode,,,False
0011AAA2,1157794,UNASSIGNED,warncode,,,False
0011AAA3,1157795,UNASSIGNED,warncode,,,False
0011AAA4,1157796,UNASSIGNED,warncode,,,False
0011AAA5,1157797,UNASSIGNED,warncode,,,False
0011AAA6,1157798,UNASSIGNED,warncode,,,False
0011AAA7,1157799,UNASSIGNED,warncode,,,False
0011AAA8,1157800,UNASSIGNED,warncode,,,False
0011AAA9,1157801,UNASSIGNED,warncode,,,False
0011AAAA,1157802,UNASSIGNED,warncode,,,False
0011AAAB,1157803,UNASSIGNED,warncode,,,False
0011AAAC,1157804,UNASSIGNED,warncode,,,False
0011AAAD,1157805,UNASSIGNED,warncode,,,False
0011AAAE,1157806,UNASSIGNED,warncode,,,False
0011AAAF,1157807,UNASSIGNED,warncode,,,False
0011AAB0,1157808,UNASSIGNED,warncode,,,False
0011AAB1,1157809,UNASSIGNED,warncode,,,False
0011AAB2,1157810,UNASSIGNED,warncode,,,False
0011AAB3,1157811,UNASSIGNED,warncode,,,False
0011AAB4,1157812,UNASSIGNED,warncode,,,False
0011AAB5,1157813,UNASSIGNED,warncode,,,False
0011AAB6,1157814,UNASSIGNED,warncode,,,False
0011AAB7,1157815,UNASSIGNED,warncode,,,False
0011AAB8,1157816,UNASSIGNED,warncode,,,False
0011AAB9,1157817,UNASSIGNED,warncode,,,False
0011AABA,1157818,UNASSIGNED,warncode,,,False
0011AABB,1157819,UNASSIGNED,warncode,,,False
0011AABC,1157820,UNASSIGNED,warncode,,,False
0011AABD,1157821,UNASSIGNED,warncode,,,False
0011AABE,1157822,UNASSIGNED,warncode,,,False
0011AABF,1157823,UNASSIGNED,warncode,,,False
0011AAC0,1157824,UNASSIGNED,warncode,,,False
0011AAC1,1157825,UNASSIGNED,warncode,,,False
0011AAC2,1157826,UNASSIGNED,warncode,,,False
0011AAC3,1157827,UNASSIGNED,warncode,,,False
0011AAC4,1157828,UNASSIGNED,warncode,,,False
0011AAC5,1157829,UNASSIGNED,warncode,,,False
0011AAC6,1157830,UNASSIGNED,warncode,,,False
0011AAC7,1157831,UNASSIGNED,warncode,,,False
0011AAC8,1157832,UNASSIGNED,warncode,,,False
0011AAC9,1157833,UNASSIGNED,warncode,,,False
0011AACA,1157834,UNASSIGNED,warncode,,,False
0011AACB,1157835,UNASSIGNED,warncode,,,False
0011AACC,1157836,UNASSIGNED,warncode,,,False
0011AACD,1157837,UNASSIGNED,warncode,,,False
0011AACE,1157838,UNASSIGNED,warncode,,,False
0011AACF,1157839,UNASSIGNED,warncode,,,False
0011AAD0,1157840,UNASSIGNED,warncode,,,False
0011AAD1,1157841,UNASSIGNED,warncode,,,False
0011AAD2,1157842,UNASSIGNED,warncode,,,False
0011AAD3,1157843,UNASSIGNED,warncode,,,False
0011AAD4,1157844,UNASSIGNED,warncode,,,False
0011AAD5,1157845,UNASSIGNED,warncode,,,False
0011AAD6,1157846,UNASSIGNED,warncode,,,False
0011AAD7,1157847,UNASSIGNED,warncode,,,False
0011AAD8,1157848,UNASSIGNED,warncode,,,False
0011AAD9,1157849,UNASSIGNED,warncode,,,False
0011AADA,1157850,UNASSIGNED,warncode,,,False
0011AADB,1157851,UNASSIGNED,warncode,,,False
0011AADC,1157852,UNASSIGNED,warncode,,,False
0011AADD,1157853,UNASSIGNED,warncode,,,False
0011AADE,1157854,UNASSIGNED,warncode,,,False
0011AADF,1157855,UNASSIGNED,warncode,,,False
0011AAE0,1157856,UNASSIGNED,warncode,,,False
0011AAE1,1157857,UNASSIGNED,warncode,,,False
0011AAE2,1157858,UNASSIGNED,warncode,,,False
0011AAE3,1157859,UNASSIGNED,warncode,,,False
0011AAE4,1157860,UNASSIGNED,warncode,,,False
0011AAE5,1157861,UNASSIGNED,warncode,,,False
0011AAE6,1157862,UNASSIGNED,warncode,,,False
0011AAE7,1157863,UNASSIGNED,warncode,,,False
0011AAE8,1157864,UNASSIGNED,warncode,,,False
0011AAE9,1157865,UNASSIGNED,warncode,,,False
0011AAEA,1157866,UNASSIGNED,warncode,,,False
0011AAEB,1157867,UNASSIGNED,warncode,,,False
0011AAEC,1157868,UNASSIGNED,warncode,,,False
0011AAED,1157869,UNASSIGNED,warncode,,,False
0011AAEE,1157870,UNASSIGNED,warncode,,,False
0011AAEF,1157871,UNASSIGNED,warncode,,,False
0011AAF0,1157872,UNASSIGNED,warncode,,,False
0011AAF1,1157873,UNASSIGNED,warncode,,,False
0011AAF2,1157874,UNASSIGNED,warncode,,,False
0011AAF3,1157875,UNASSIGNED,warncode,,,False
0011AAF4,1157876,UNASSIGNED,warncode,,,False
0011AAF5,1157877,UNASSIGNED,warncode,,,False
0011AAF6,1157878,UNASSIGNED,warncode,,,False
0011AAF7,1157879,UNASSIGNED,warncode,,,False
0011AAF8,1157880,UNASSIGNED,warncode,,,False
0011AAF9,1157881,UNASSIGNED,warncode,,,False
0011AAFA,1157882,UNASSIGNED,warncode,,,False
0011AAFB,1157883,UNASSIGNED,warncode,,,False
0011AAFC,1157884,UNASSIGNED,warncode,,,False
0011AAFD,1157885,UNASSIGNED,warncode,,,False
0011AAFE,1157886,UNASSIGNED,warncode,,,False
0011AAFF,1157887,UNASSIGNED,warncode,,,False
0011AB00,1157888,UNASSIGNED,warncode,,,False
0011AB01,1157889,UNASSIGNED,warncode,,,False
0011AB02,1157890,UNASSIGNED,warncode,,,False
0011AB03,1157891,UNASSIGNED,warncode,,,False
0011AB04,1157892,UNASSIGNED,warncode,,,False
0011AB05,1157893,UNASSIGNED,warncode,,,False
0011AB06,1157894,UNASSIGNED,warncode,,,False
0011AB07,1157895,UNASSIGNED,warncode,,,False
0011AB08,1157896,UNASSIGNED,warncode,,,False
0011AB09,1157897,UNASSIGNED,warncode,,,False
0011AB0A,1157898,UNASSIGNED,warncode,,,False
0011AB0B,1157899,UNASSIGNED,warncode,,,False
0011AB0C,1157900,UNASSIGNED,warncode,,,False
0011AB0D,1157901,UNASSIGNED,warncode,,,False
0011AB0E,1157902,UNASSIGNED,warncode,,,False
0011AB0F,1157903,UNASSIGNED,warncode,,,False
0011AB10,1157904,UNASSIGNED,warncode,,,False
0011AB11,1157905,UNASSIGNED,warncode,,,False
0011AB12,1157906,UNASSIGNED,warncode,,,False
0011AB13,1157907,UNASSIGNED,warncode,,,False
0011AB14,1157908,UNASSIGNED,warncode,,,False
0011AB15,1157909,UNASSIGNED,warncode,,,False
0011AB16,1157910,UNASSIGNED,warncode,,,False
0011AB17,1157911,UNASSIGNED,warncode,,,False
0011AB18,1157912,UNASSIGNED,warncode,,,False
0011AB19,1157913,UNASSIGNED,warncode,,,False
0011AB1A,1157914,UNASSIGNED,warncode,,,False
0011AB1B,1157915,UNASSIGNED,warncode,,,False
0011AB1C,1157916,UNASSIGNED,warncode,,,False
0011AB1D,1157917,UNASSIGNED,warncode,,,False
0011AB1E,1157918,UNASSIGNED,warncode,,,False
0011AB1F,1157919,UNASSIGNED,warncode,,,False
0011AB20,1157920,UNASSIGNED,warncode,,,False
0011AB21,1157921,UNASSIGNED,warncode,,,False
0011AB22,1157922,UNASSIGNED,warncode,,,False
0011AB23,1157923,UNASSIGNED,warncode,,,False
0011AB24,1157924,UNASSIGNED,warncode,,,False
0011AB25,1157925,UNASSIGNED,warncode,,,False
0011AB26,1157926,UNASSIGNED,warncode,,,False
0011AB27,1157927,UNASSIGNED,warncode,,,False
0011AB28,1157928,UNASSIGNED,warncode,,,False
0011AB29,1157929,UNASSIGNED,warncode,,,False
0011AB2A,1157930,UNASSIGNED,warncode,,,False
0011AB2B,1157931,UNASSIGNED,warncode,,,False
0011AB2C,1157932,UNASSIGNED,warncode,,,False
0011AB2D,1157933,UNASSIGNED,warncode,,,False
0011AB2E,1157934,UNASSIGNED,warncode,,,False
0011AB2F,1157935,UNASSIGNED,warncode,,,False
0011AB30,1157936,UNASSIGNED,warncode,,,False
0011AB31,1157937,UNASSIGNED,warncode,,,False
0011AB32,1157938,UNASSIGNED,warncode,,,False
0011AB33,1157939,UNASSIGNED,warncode,,,False
0011AB34,1157940,UNASSIGNED,warncode,,,False
0011AB35,1157941,UNASSIGNED,warncode,,,False
0011AB36,1157942,UNASSIGNED,warncode,,,False
0011AB37,1157943,UNASSIGNED,warncode,,,False
0011AB38,1157944,UNASSIGNED,warncode,,,False
0011AB39,1157945,UNASSIGNED,warncode,,,False
0011AB3A,1157946,UNASSIGNED,warncode,,,False
0011AB3B,1157947,UNASSIGNED,warncode,,,False
0011AB3C,1157948,UNASSIGNED,warncode,,,False
0011AB3D,1157949,UNASSIGNED,warncode,,,False
0011AB3E,1157950,UNASSIGNED,warncode,,,False
0011AB3F,1157951,UNASSIGNED,warncode,,,False
0011AB40,1157952,UNASSIGNED,warncode,,,False
0011AB41,1157953,UNASSIGNED,warncode,,,False
0011AB42,1157954,UNASSIGNED,warncode,,,False
0011AB43,1157955,UNASSIGNED,warncode,,,False
0011AB44,1157956,UNASSIGNED,warncode,,,False
0011AB45,1157957,UNASSIGNED,warncode,,,False
0011AB46,1157958,UNASSIGNED,warncode,,,False
0011AB47,1157959,UNASSIGNED,warncode,,,False
0011AB48,1157960,UNASSIGNED,warncode,,,False
0011AB49,1157961,UNASSIGNED,warncode,,,False
0011AB4A,1157962,UNASSIGNED,warncode,,,False
0011AB4B,1157963,UNASSIGNED,warncode,,,False
0011AB4C,1157964,UNASSIGNED,warncode,,,False
0011AB4D,1157965,UNASSIGNED,warncode,,,False
0011AB4E,1157966,UNASSIGNED,warncode,,,False
0011AB4F,1157967,UNASSIGNED,warncode,,,False
0011AB50,1157968,UNASSIGNED,warncode,,,False
0011AB51,1157969,UNASSIGNED,warncode,,,False
0011AB52,1157970,UNASSIGNED,warncode,,,False
0011AB53,1157971,UNASSIGNED,warncode,,,False
0011AB54,1157972,UNASSIGNED,warncode,,,False
0011AB55,1157973,UNASSIGNED,warncode,,,False
0011AB56,1157974,UNASSIGNED,warncode,,,False
0011AB57,1157975,UNASSIGNED,warncode,,,False
0011AB58,1157976,UNASSIGNED,warncode,,,False
0011AB59,1157977,UNASSIGNED,warncode,,,False
0011AB5A,1157978,UNASSIGNED,warncode,,,False
0011AB5B,1157979,UNASSIGNED,warncode,,,False
0011AB5C,1157980,UNASSIGNED,warncode,,,False
0011AB5D,1157981,UNASSIGNED,warncode,,,False
0011AB5E,1157982,UNASSIGNED,warncode,,,False
0011AB5F,1157983,UNASSIGNED,warncode,,,False
0011AB60,1157984,UNASSIGNED,warncode,,,False
0011AB61,1157985,UNASSIGNED,warncode,,,False
0011AB62,1157986,UNASSIGNED,warncode,,,False
0011AB63,1157987,UNASSIGNED,warncode,,,False
0011AB64,1157988,UNASSIGNED,warncode,,,False
0011AB65,1157989,UNASSIGNED,warncode,,,False
0011AB66,1157990,UNASSIGNED,warncode,,,False
0011AB67,1157991,UNASSIGNED,warncode,,,False
0011AB68,1157992,UNASSIGNED,warncode,,,False
0011AB69,1157993,UNASSIGNED,warncode,,,False
0011AB6A,1157994,UNASSIGNED,warncode,,,False
0011AB6B,1157995,UNASSIGNED,warncode,,,False
0011AB6C,1157996,UNASSIGNED,warncode,,,False
0011AB6D,1157997,UNASSIGNED,warncode,,,False
0011AB6E,1157998,UNASSIGNED,warncode,,,False
0011AB6F,1157999,UNASSIGNED,warncode,,,False
0011AB70,1158000,UNASSIGNED,warncode,,,False
0011AB71,1158001,UNASSIGNED,warncode,,,False
0011AB72,1158002,UNASSIGNED,warncode,,,False
0011AB73,1158003,UNASSIGNED,warncode,,,False
0011AB74,1158004,UNASSIGNED,warncode,,,False
0011AB75,1158005,UNASSIGNED,warncode,,,False
0011AB76,1158006,UNASSIGNED,warncode,,,False
0011AB77,1158007,UNASSIGNED,warncode,,,False
0011AB78,1158008,UNASSIGNED,warncode,,,False
0011AB79,1158009,UNASSIGNED,warncode,,,False
0011AB7A,1158010,UNASSIGNED,warncode,,,False
0011AB7B,1158011,UNASSIGNED,warncode,,,False
0011AB7C,1158012,UNASSIGNED,warncode,,,False
0011AB7D,1158013,UNASSIGNED,warncode,,,False
0011AB7E,1158014,UNASSIGNED,warncode,,,False
0011AB7F,1158015,UNASSIGNED,warncode,,,False
0011AB80,1158016,UNASSIGNED,warncode,,,False
0011AB81,1158017,UNASSIGNED,warncode,,,False
0011AB82,1158018,UNASSIGNED,warncode,,,False
0011AB83,1158019,UNASSIGNED,warncode,,,False
0011AB84,1158020,UNASSIGNED,warncode,,,False
0011AB85,1158021,UNASSIGNED,warncode,,,False
0011AB86,1158022,UNASSIGNED,warncode,,,False
0011AB87,1158023,UNASSIGNED,warncode,,,False
0011AB88,1158024,UNASSIGNED,warncode,,,False
0011AB89,1158025,UNASSIGNED,warncode,,,False
0011AB8A,1158026,UNASSIGNED,warncode,,,False
0011AB8B,1158027,UNASSIGNED,warncode,,,False
0011AB8C,1158028,UNASSIGNED,warncode,,,False
0011AB8D,1158029,UNASSIGNED,warncode,,,False
0011AB8E,1158030,UNASSIGNED,warncode,,,False
0011AB8F,1158031,UNASSIGNED,warncode,,,False
0011AB90,1158032,UNASSIGNED,warncode,,,False
0011AB91,1158033,UNASSIGNED,warncode,,,False
0011AB92,1158034,UNASSIGNED,warncode,,,False
0011AB93,1158035,UNASSIGNED,warncode,,,False
0011AB94,1158036,UNASSIGNED,warncode,,,False
0011AB95,1158037,UNASSIGNED,warncode,,,False
0011AB96,1158038,UNASSIGNED,warncode,,,False
0011AB97,1158039,UNASSIGNED,warncode,,,False
0011AB98,1158040,UNASSIGNED,warncode,,,False
0011AB99,1158041,UNASSIGNED,warncode,,,False
0011AB9A,1158042,UNASSIGNED,warncode,,,False
0011AB9B,1158043,UNASSIGNED,warncode,,,False
0011AB9C,1158044,UNASSIGNED,warncode,,,False
0011AB9D,1158045,UNASSIGNED,warncode,,,False
0011AB9E,1158046,UNASSIGNED,warncode,,,False
0011AB9F,1158047,UNASSIGNED,warncode,,,False
0011ABA0,1158048,UNASSIGNED,warncode,,,False
0011ABA1,1158049,UNASSIGNED,warncode,,,False
0011ABA2,1158050,UNASSIGNED,warncode,,,False
0011ABA3,1158051,UNASSIGNED,warncode,,,False
0011ABA4,1158052,UNASSIGNED,warncode,,,False
0011ABA5,1158053,UNASSIGNED,warncode,,,False
0011ABA6,1158054,UNASSIGNED,warncode,,,False
0011ABA7,1158055,UNASSIGNED,warncode,,,False
0011ABA8,1158056,UNASSIGNED,warncode,,,False
0011ABA9,1158057,UNASSIGNED,warncode,,,False
0011ABAA,1158058,UNASSIGNED,warncode,,,False
0011ABAB,1158059,UNASSIGNED,warncode,,,False
0011ABAC,1158060,UNASSIGNED,warncode,,,False
0011ABAD,1158061,UNASSIGNED,warncode,,,False
0011ABAE,1158062,UNASSIGNED,warncode,,,False
0011ABAF,1158063,UNASSIGNED,warncode,,,False
0011ABB0,1158064,UNASSIGNED,warncode,,,False
0011ABB1,1158065,UNASSIGNED,warncode,,,False
0011ABB2,1158066,UNASSIGNED,warncode,,,False
0011ABB3,1158067,UNASSIGNED,warncode,,,False
0011ABB4,1158068,UNASSIGNED,warncode,,,False
0011ABB5,1158069,UNASSIGNED,warncode,,,False
0011ABB6,1158070,UNASSIGNED,warncode,,,False
0011ABB7,1158071,UNASSIGNED,warncode,,,False
0011ABB8,1158072,UNASSIGNED,warncode,,,False
0011ABB9,1158073,UNASSIGNED,warncode,,,False
0011ABBA,1158074,UNASSIGNED,warncode,,,False
0011ABBB,1158075,UNASSIGNED,warncode,,,False
0011ABBC,1158076,UNASSIGNED,warncode,,,False
0011ABBD,1158077,UNASSIGNED,warncode,,,False
0011ABBE,1158078,UNASSIGNED,warncode,,,False
0011ABBF,1158079,UNASSIGNED,warncode,,,False
0011ABC0,1158080,UNASSIGNED,warncode,,,False
0011ABC1,1158081,UNASSIGNED,warncode,,,False
0011ABC2,1158082,UNASSIGNED,warncode,,,False
0011ABC3,1158083,UNASSIGNED,warncode,,,False
0011ABC4,1158084,UNASSIGNED,warncode,,,False
0011ABC5,1158085,UNASSIGNED,warncode,,,False
0011ABC6,1158086,UNASSIGNED,warncode,,,False
0011ABC7,1158087,UNASSIGNED,warncode,,,False
0011ABC8,1158088,UNASSIGNED,warncode,,,False
0011ABC9,1158089,UNASSIGNED,warncode,,,False
0011ABCA,1158090,UNASSIGNED,warncode,,,False
0011ABCB,1158091,UNASSIGNED,warncode,,,False
0011ABCC,1158092,UNASSIGNED,warncode,,,False
0011ABCD,1158093,UNASSIGNED,warncode,,,False
0011ABCE,1158094,UNASSIGNED,warncode,,,False
0011ABCF,1158095,UNASSIGNED,warncode,,,False
0011ABD0,1158096,UNASSIGNED,warncode,,,False
0011ABD1,1158097,UNASSIGNED,warncode,,,False
0011ABD2,1158098,UNASSIGNED,warncode,,,False
0011ABD3,1158099,UNASSIGNED,warncode,,,False
0011ABD4,1158100,UNASSIGNED,warncode,,,False
0011ABD5,1158101,UNASSIGNED,warncode,,,False
0011ABD6,1158102,UNASSIGNED,warncode,,,False
0011ABD7,1158103,UNASSIGNED,warncode,,,False
0011ABD8,1158104,UNASSIGNED,warncode,,,False
0011ABD9,1158105,UNASSIGNED,warncode,,,False
0011ABDA,1158106,UNASSIGNED,warncode,,,False
0011ABDB,1158107,UNASSIGNED,warncode,,,False
0011ABDC,1158108,UNASSIGNED,warncode,,,False
0011ABDD,1158109,UNASSIGNED,warncode,,,False
0011ABDE,1158110,UNASSIGNED,warncode,,,False
0011ABDF,1158111,UNASSIGNED,warncode,,,False
0011ABE0,1158112,UNASSIGNED,warncode,,,False
0011ABE1,1158113,UNASSIGNED,warncode,,,False
0011ABE2,1158114,UNASSIGNED,warncode,,,False
0011ABE3,1158115,UNASSIGNED,warncode,,,False
0011ABE4,1158116,UNASSIGNED,warncode,,,False
0011ABE5,1158117,UNASSIGNED,warncode,,,False
0011ABE6,1158118,UNASSIGNED,warncode,,,False
0011ABE7,1158119,UNASSIGNED,warncode,,,False
0011ABE8,1158120,UNASSIGNED,warncode,,,False
0011ABE9,1158121,UNASSIGNED,warncode,,,False
0011ABEA,1158122,UNASSIGNED,warncode,,,False
0011ABEB,1158123,UNASSIGNED,warncode,,,False
0011ABEC,1158124,UNASSIGNED,warncode,,,False
0011ABED,1158125,UNASSIGNED,warncode,,,False
0011ABEE,1158126,UNASSIGNED,warncode,,,False
0011ABEF,1158127,UNASSIGNED,warncode,,,False
0011ABF0,1158128,UNASSIGNED,warncode,,,False
0011ABF1,1158129,UNASSIGNED,warncode,,,False
0011ABF2,1158130,UNASSIGNED,warncode,,,False
0011ABF3,1158131,UNASSIGNED,warncode,,,False
0011ABF4,1158132,UNASSIGNED,warncode,,,False
0011ABF5,1158133,UNASSIGNED,warncode,,,False
0011ABF6,1158134,UNASSIGNED,warncode,,,False
0011ABF7,1158135,UNASSIGNED,warncode,,,False
0011ABF8,1158136,UNASSIGNED,warncode,,,False
0011ABF9,1158137,UNASSIGNED,warncode,,,False
0011ABFA,1158138,UNASSIGNED,warncode,,,False
0011ABFB,1158139,UNASSIGNED,warncode,,,False
0011ABFC,1158140,UNASSIGNED,warncode,,,False
0011ABFD,1158141,UNASSIGNED,warncode,,,False
0011ABFE,1158142,UNASSIGNED,warncode,,,False
0011ABFF,1158143,UNASSIGNED,warncode,,,False
0011AC00,1158144,UNASSIGNED,comcode,,,False
0011AC01,1158145,UNASSIGNED,comcode,,,False
0011AC02,1158146,UNASSIGNED,comcode,,,False
0011AC03,1158147,UNASSIGNED,comcode,,,False
0011AC04,1158148,UNASSIGNED,comcode,,,False
0011AC05,1158149,UNASSIGNED,comcode,,,False
0011AC06,1158150,UNASSIGNED,comcode,,,False
0011AC07,1158151,UNASSIGNED,comcode,,,False
0011AC08,1158152,UNASSIGNED,comcode,,,False
0011AC09,1158153,UNASSIGNED,comcode,,,False
0011AC0A,1158154,UNASSIGNED,comcode,,,False
0011AC0B,1158155,UNASSIGNED,comcode,,,False
0011AC0C,1158156,UNASSIGNED,comcode,,,False
0011AC0D,1158157,UNASSIGNED,comcode,,,False
0011AC0E,1158158,UNASSIGNED,comcode,,,False
0011AC0F,1158159,UNASSIGNED,comcode,,,False
0011AC10,1158160,UNASSIGNED,comcode,,,False
0011AC11,1158161,UNASSIGNED,comcode,,,False
0011AC12,1158162,UNASSIGNED,comcode,,,False
0011AC13,1158163,UNASSIGNED,comcode,,,False
0011AC14,1158164,UNASSIGNED,comcode,,,False
0011AC15,1158165,UNASSIGNED,comcode,,,False
0011AC16,1158166,UNASSIGNED,comcode,,,False
0011AC17,1158167,UNASSIGNED,comcode,,,False
0011AC18,1158168,UNASSIGNED,comcode,,,False
0011AC19,1158169,UNASSIGNED,comcode,,,False
0011AC1A,1158170,UNASSIGNED,comcode,,,False
0011AC1B,1158171,UNASSIGNED,comcode,,,False
0011AC1C,1158172,UNASSIGNED,comcode,,,False
0011AC1D,1158173,UNASSIGNED,comcode,,,False
0011AC1E,1158174,UNASSIGNED,comcode,,,False
0011AC1F,1158175,UNASSIGNED,comcode,,,False
0011AC20,1158176,UNASSIGNED,comcode,,,False
0011AC21,1158177,UNASSIGNED,comcode,,,False
0011AC22,1158178,UNASSIGNED,comcode,,,False
0011AC23,1158179,UNASSIGNED,comcode,,,False
0011AC24,1158180,UNASSIGNED,comcode,,,False
0011AC25,1158181,UNASSIGNED,comcode,,,False
0011AC26,1158182,UNASSIGNED,comcode,,,False
0011AC27,1158183,UNASSIGNED,comcode,,,False
0011AC28,1158184,UNASSIGNED,comcode,,,False
0011AC29,1158185,UNASSIGNED,comcode,,,False
0011AC2A,1158186,UNASSIGNED,comcode,,,False
0011AC2B,1158187,UNASSIGNED,comcode,,,False
0011AC2C,1158188,UNASSIGNED,comcode,,,False
0011AC2D,1158189,UNASSIGNED,comcode,,,False
0011AC2E,1158190,UNASSIGNED,comcode,,,False
0011AC2F,1158191,UNASSIGNED,comcode,,,False
0011AC30,1158192,UNASSIGNED,comcode,,,False
0011AC31,1158193,UNASSIGNED,comcode,,,False
0011AC32,1158194,UNASSIGNED,comcode,,,False
0011AC33,1158195,UNASSIGNED,comcode,,,False
0011AC34,1158196,UNASSIGNED,comcode,,,False
0011AC35,1158197,UNASSIGNED,comcode,,,False
0011AC36,1158198,UNASSIGNED,comcode,,,False
0011AC37,1158199,UNASSIGNED,comcode,,,False
0011AC38,1158200,UNASSIGNED,comcode,,,False
0011AC39,1158201,UNASSIGNED,comcode,,,False
0011AC3A,1158202,UNASSIGNED,comcode,,,False
0011AC3B,1158203,UNASSIGNED,comcode,,,False
0011AC3C,1158204,UNASSIGNED,comcode,,,False
0011AC3D,1158205,UNASSIGNED,comcode,,,False
0011AC3E,1158206,UNASSIGNED,comcode,,,False
0011AC3F,1158207,UNASSIGNED,comcode,,,False
0011AC40,1158208,UNASSIGNED,comcode,,,False
0011AC41,1158209,UNASSIGNED,comcode,,,False
0011AC42,1158210,UNASSIGNED,comcode,,,False
0011AC43,1158211,UNASSIGNED,comcode,,,False
0011AC44,1158212,UNASSIGNED,comcode,,,False
0011AC45,1158213,UNASSIGNED,comcode,,,False
0011AC46,1158214,UNASSIGNED,comcode,,,False
0011AC47,1158215,UNASSIGNED,comcode,,,False
0011AC48,1158216,UNASSIGNED,comcode,,,False
0011AC49,1158217,UNASSIGNED,comcode,,,False
0011AC4A,1158218,UNASSIGNED,comcode,,,False
0011AC4B,1158219,UNASSIGNED,comcode,,,False
0011AC4C,1158220,UNASSIGNED,comcode,,,False
0011AC4D,1158221,UNASSIGNED,comcode,,,False
0011AC4E,1158222,UNASSIGNED,comcode,,,False
0011AC4F,1158223,UNASSIGNED,comcode,,,False
0011AC50,1158224,UNASSIGNED,comcode,,,False
0011AC51,1158225,UNASSIGNED,comcode,,,False
0011AC52,1158226,UNASSIGNED,comcode,,,False
0011AC53,1158227,UNASSIGNED,comcode,,,False
0011AC54,1158228,UNASSIGNED,comcode,,,False
0011AC55,1158229,UNASSIGNED,comcode,,,False
0011AC56,1158230,UNASSIGNED,comcode,,,False
0011AC57,1158231,UNASSIGNED,comcode,,,False
0011AC58,1158232,UNASSIGNED,comcode,,,False
0011AC59,1158233,UNASSIGNED,comcode,,,False
0011AC5A,1158234,UNASSIGNED,comcode,,,False
0011AC5B,1158235,UNASSIGNED,comcode,,,False
0011AC5C,1158236,UNASSIGNED,comcode,,,False
0011AC5D,1158237,UNASSIGNED,comcode,,,False
0011AC5E,1158238,UNASSIGNED,comcode,,,False
0011AC5F,1158239,UNASSIGNED,comcode,,,False
0011AC60,1158240,UNASSIGNED,comcode,,,False
0011AC61,1158241,UNASSIGNED,comcode,,,False
0011AC62,1158242,UNASSIGNED,comcode,,,False
0011AC63,1158243,UNASSIGNED,comcode,,,False
0011AC64,1158244,UNASSIGNED,comcode,,,False
0011AC65,1158245,UNASSIGNED,comcode,,,False
0011AC66,1158246,UNASSIGNED,comcode,,,False
0011AC67,1158247,UNASSIGNED,comcode,,,False
0011AC68,1158248,UNASSIGNED,comcode,,,False
0011AC69,1158249,UNASSIGNED,comcode,,,False
0011AC6A,1158250,UNASSIGNED,comcode,,,False
0011AC6B,1158251,UNASSIGNED,comcode,,,False
0011AC6C,1158252,UNASSIGNED,comcode,,,False
0011AC6D,1158253,UNASSIGNED,comcode,,,False
0011AC6E,1158254,UNASSIGNED,comcode,,,False
0011AC6F,1158255,UNASSIGNED,comcode,,,False
0011AC70,1158256,UNASSIGNED,comcode,,,False
0011AC71,1158257,UNASSIGNED,comcode,,,False
0011AC72,1158258,UNASSIGNED,comcode,,,False
0011AC73,1158259,UNASSIGNED,comcode,,,False
0011AC74,1158260,UNASSIGNED,comcode,,,False
0011AC75,1158261,UNASSIGNED,comcode,,,False
0011AC76,1158262,UNASSIGNED,comcode,,,False
0011AC77,1158263,UNASSIGNED,comcode,,,False
0011AC78,1158264,UNASSIGNED,comcode,,,False
0011AC79,1158265,UNASSIGNED,comcode,,,False
0011AC7A,1158266,UNASSIGNED,comcode,,,False
0011AC7B,1158267,UNASSIGNED,comcode,,,False
0011AC7C,1158268,UNASSIGNED,comcode,,,False
0011AC7D,1158269,UNASSIGNED,comcode,,,False
0011AC7E,1158270,UNASSIGNED,comcode,,,False
0011AC7F,1158271,UNASSIGNED,comcode,,,False
0011AC80,1158272,UNASSIGNED,comcode,,,False
0011AC81,1158273,UNASSIGNED,comcode,,,False
0011AC82,1158274,UNASSIGNED,comcode,,,False
0011AC83,1158275,UNASSIGNED,comcode,,,False
0011AC84,1158276,UNASSIGNED,comcode,,,False
0011AC85,1158277,UNASSIGNED,comcode,,,False
0011AC86,1158278,UNASSIGNED,comcode,,,False
0011AC87,1158279,UNASSIGNED,comcode,,,False
0011AC88,1158280,UNASSIGNED,comcode,,,False
0011AC89,1158281,UNASSIGNED,comcode,,,False
0011AC8A,1158282,UNASSIGNED,comcode,,,False
0011AC8B,1158283,UNASSIGNED,comcode,,,False
0011AC8C,1158284,UNASSIGNED,comcode,,,False
0011AC8D,1158285,UNASSIGNED,comcode,,,False
0011AC8E,1158286,UNASSIGNED,comcode,,,False
0011AC8F,1158287,UNASSIGNED,comcode,,,False
0011AC90,1158288,UNASSIGNED,comcode,,,False
0011AC91,1158289,UNASSIGNED,comcode,,,False
0011AC92,1158290,UNASSIGNED,comcode,,,False
0011AC93,1158291,UNASSIGNED,comcode,,,False
0011AC94,1158292,UNASSIGNED,comcode,,,False
0011AC95,1158293,UNASSIGNED,comcode,,,False
0011AC96,1158294,UNASSIGNED,comcode,,,False
0011AC97,1158295,UNASSIGNED,comcode,,,False
0011AC98,1158296,UNASSIGNED,comcode,,,False
0011AC99,1158297,UNASSIGNED,comcode,,,False
0011AC9A,1158298,UNASSIGNED,comcode,,,False
0011AC9B,1158299,UNASSIGNED,comcode,,,False
0011AC9C,1158300,UNASSIGNED,comcode,,,False
0011AC9D,1158301,UNASSIGNED,comcode,,,False
0011AC9E,1158302,UNASSIGNED,comcode,,,False
0011AC9F,1158303,UNASSIGNED,comcode,,,False
0011ACA0,1158304,UNASSIGNED,comcode,,,False
0011ACA1,1158305,UNASSIGNED,comcode,,,False
0011ACA2,1158306,UNASSIGNED,comcode,,,False
0011ACA3,1158307,UNASSIGNED,comcode,,,False
0011ACA4,1158308,UNASSIGNED,comcode,,,False
0011ACA5,1158309,UNASSIGNED,comcode,,,False
0011ACA6,1158310,UNASSIGNED,comcode,,,False
0011ACA7,1158311,UNASSIGNED,comcode,,,False
0011ACA8,1158312,UNASSIGNED,comcode,,,False
0011ACA9,1158313,UNASSIGNED,comcode,,,False
0011ACAA,1158314,UNASSIGNED,comcode,,,False
0011ACAB,1158315,UNASSIGNED,comcode,,,False
0011ACAC,1158316,UNASSIGNED,comcode,,,False
0011ACAD,1158317,UNASSIGNED,comcode,,,False
0011ACAE,1158318,UNASSIGNED,comcode,,,False
0011ACAF,1158319,UNASSIGNED,comcode,,,False
0011ACB0,1158320,UNASSIGNED,comcode,,,False
0011ACB1,1158321,UNASSIGNED,comcode,,,False
0011ACB2,1158322,UNASSIGNED,comcode,,,False
0011ACB3,1158323,UNASSIGNED,comcode,,,False
0011ACB4,1158324,UNASSIGNED,comcode,,,False
0011ACB5,1158325,UNASSIGNED,comcode,,,False
0011ACB6,1158326,UNASSIGNED,comcode,,,False
0011ACB7,1158327,UNASSIGNED,comcode,,,False
0011ACB8,1158328,UNASSIGNED,comcode,,,False
0011ACB9,1158329,UNASSIGNED,comcode,,,False
0011ACBA,1158330,UNASSIGNED,comcode,,,False
0011ACBB,1158331,UNASSIGNED,comcode,,,False
0011ACBC,1158332,UNASSIGNED,comcode,,,False
0011ACBD,1158333,UNASSIGNED,comcode,,,False
0011ACBE,1158334,UNASSIGNED,comcode,,,False
0011ACBF,1158335,UNASSIGNED,comcode,,,False
0011ACC0,1158336,UNASSIGNED,comcode,,,False
0011ACC1,1158337,UNASSIGNED,comcode,,,False
0011ACC2,1158338,UNASSIGNED,comcode,,,False
0011ACC3,1158339,UNASSIGNED,comcode,,,False
0011ACC4,1158340,UNASSIGNED,comcode,,,False
0011ACC5,1158341,UNASSIGNED,comcode,,,False
0011ACC6,1158342,UNASSIGNED,comcode,,,False
0011ACC7,1158343,UNASSIGNED,comcode,,,False
0011ACC8,1158344,UNASSIGNED,comcode,,,False
0011ACC9,1158345,UNASSIGNED,comcode,,,False
0011ACCA,1158346,UNASSIGNED,comcode,,,False
0011ACCB,1158347,UNASSIGNED,comcode,,,False
0011ACCC,1158348,UNASSIGNED,comcode,,,False
0011ACCD,1158349,UNASSIGNED,comcode,,,False
0011ACCE,1158350,UNASSIGNED,comcode,,,False
0011ACCF,1158351,UNASSIGNED,comcode,,,False
0011ACD0,1158352,UNASSIGNED,comcode,,,False
0011ACD1,1158353,UNASSIGNED,comcode,,,False
0011ACD2,1158354,UNASSIGNED,comcode,,,False
0011ACD3,1158355,UNASSIGNED,comcode,,,False
0011ACD4,1158356,UNASSIGNED,comcode,,,False
0011ACD5,1158357,UNASSIGNED,comcode,,,False
0011ACD6,1158358,UNASSIGNED,comcode,,,False
0011ACD7,1158359,UNASSIGNED,comcode,,,False
0011ACD8,1158360,UNASSIGNED,comcode,,,False
0011ACD9,1158361,UNASSIGNED,comcode,,,False
0011ACDA,1158362,UNASSIGNED,comcode,,,False
0011ACDB,1158363,UNASSIGNED,comcode,,,False
0011ACDC,1158364,UNASSIGNED,comcode,,,False
0011ACDD,1158365,UNASSIGNED,comcode,,,False
0011ACDE,1158366,UNASSIGNED,comcode,,,False
0011ACDF,1158367,UNASSIGNED,comcode,,,False
0011ACE0,1158368,UNASSIGNED,comcode,,,False
0011ACE1,1158369,UNASSIGNED,comcode,,,False
0011ACE2,1158370,UNASSIGNED,comcode,,,False
0011ACE3,1158371,UNASSIGNED,comcode,,,False
0011ACE4,1158372,UNASSIGNED,comcode,,,False
0011ACE5,1158373,UNASSIGNED,comcode,,,False
0011ACE6,1158374,UNASSIGNED,comcode,,,False
0011ACE7,1158375,UNASSIGNED,comcode,,,False
0011ACE8,1158376,UNASSIGNED,comcode,,,False
0011ACE9,1158377,UNASSIGNED,comcode,,,False
0011ACEA,1158378,UNASSIGNED,comcode,,,False
0011ACEB,1158379,UNASSIGNED,comcode,,,False
0011ACEC,1158380,UNASSIGNED,comcode,,,False
0011ACED,1158381,UNASSIGNED,comcode,,,False
0011ACEE,1158382,UNASSIGNED,comcode,,,False
0011ACEF,1158383,UNASSIGNED,comcode,,,False
0011ACF0,1158384,UNASSIGNED,comcode,,,False
0011ACF1,1158385,UNASSIGNED,comcode,,,False
0011ACF2,1158386,UNASSIGNED,comcode,,,False
0011ACF3,1158387,UNASSIGNED,comcode,,,False
0011ACF4,1158388,UNASSIGNED,comcode,,,False
0011ACF5,1158389,UNASSIGNED,comcode,,,False
0011ACF6,1158390,UNASSIGNED,comcode,,,False
0011ACF7,1158391,UNASSIGNED,comcode,,,False
0011ACF8,1158392,UNASSIGNED,comcode,,,False
0011ACF9,1158393,UNASSIGNED,comcode,,,False
0011ACFA,1158394,UNASSIGNED,comcode,,,False
0011ACFB,1158395,UNASSIGNED,comcode,,,False
0011ACFC,1158396,UNASSIGNED,comcode,,,False
0011ACFD,1158397,UNASSIGNED,comcode,,,False
0011ACFE,1158398,UNASSIGNED,comcode,,,False
0011ACFF,1158399,UNASSIGNED,comcode,,,False
0011AD00,1158400,UNASSIGNED,comcode,,,False
0011AD01,1158401,UNASSIGNED,comcode,,,False
0011AD02,1158402,UNASSIGNED,comcode,,,False
0011AD03,1158403,UNASSIGNED,comcode,,,False
0011AD04,1158404,UNASSIGNED,comcode,,,False
0011AD05,1158405,UNASSIGNED,comcode,,,False
0011AD06,1158406,UNASSIGNED,comcode,,,False
0011AD07,1158407,UNASSIGNED,comcode,,,False
0011AD08,1158408,UNASSIGNED,comcode,,,False
0011AD09,1158409,UNASSIGNED,comcode,,,False
0011AD0A,1158410,UNASSIGNED,comcode,,,False
0011AD0B,1158411,UNASSIGNED,comcode,,,False
0011AD0C,1158412,UNASSIGNED,comcode,,,False
0011AD0D,1158413,UNASSIGNED,comcode,,,False
0011AD0E,1158414,UNASSIGNED,comcode,,,False
0011AD0F,1158415,UNASSIGNED,comcode,,,False
0011AD10,1158416,UNASSIGNED,comcode,,,False
0011AD11,1158417,UNASSIGNED,comcode,,,False
0011AD12,1158418,UNASSIGNED,comcode,,,False
0011AD13,1158419,UNASSIGNED,comcode,,,False
0011AD14,1158420,UNASSIGNED,comcode,,,False
0011AD15,1158421,UNASSIGNED,comcode,,,False
0011AD16,1158422,UNASSIGNED,comcode,,,False
0011AD17,1158423,UNASSIGNED,comcode,,,False
0011AD18,1158424,UNASSIGNED,comcode,,,False
0011AD19,1158425,UNASSIGNED,comcode,,,False
0011AD1A,1158426,UNASSIGNED,comcode,,,False
0011AD1B,1158427,UNASSIGNED,comcode,,,False
0011AD1C,1158428,UNASSIGNED,comcode,,,False
0011AD1D,1158429,UNASSIGNED,comcode,,,False
0011AD1E,1158430,UNASSIGNED,comcode,,,False
0011AD1F,1158431,UNASSIGNED,comcode,,,False
0011AD20,1158432,UNASSIGNED,comcode,,,False
0011AD21,1158433,UNASSIGNED,comcode,,,False
0011AD22,1158434,UNASSIGNED,comcode,,,False
0011AD23,1158435,UNASSIGNED,comcode,,,False
0011AD24,1158436,UNASSIGNED,comcode,,,False
0011AD25,1158437,UNASSIGNED,comcode,,,False
0011AD26,1158438,UNASSIGNED,comcode,,,False
0011AD27,1158439,UNASSIGNED,comcode,,,False
0011AD28,1158440,UNASSIGNED,comcode,,,False
0011AD29,1158441,UNASSIGNED,comcode,,,False
0011AD2A,1158442,UNASSIGNED,comcode,,,False
0011AD2B,1158443,UNASSIGNED,comcode,,,False
0011AD2C,1158444,UNASSIGNED,comcode,,,False
0011AD2D,1158445,UNASSIGNED,comcode,,,False
0011AD2E,1158446,UNASSIGNED,comcode,,,False
0011AD2F,1158447,UNASSIGNED,comcode,,,False
0011AD30,1158448,UNASSIGNED,comcode,,,False
0011AD31,1158449,UNASSIGNED,comcode,,,False
0011AD32,1158450,UNASSIGNED,comcode,,,False
0011AD33,1158451,UNASSIGNED,comcode,,,False
0011AD34,1158452,UNASSIGNED,comcode,,,False
0011AD35,1158453,UNASSIGNED,comcode,,,False
0011AD36,1158454,UNASSIGNED,comcode,,,False
0011AD37,1158455,UNASSIGNED,comcode,,,False
0011AD38,1158456,UNASSIGNED,comcode,,,False
0011AD39,1158457,UNASSIGNED,comcode,,,False
0011AD3A,1158458,UNASSIGNED,comcode,,,False
0011AD3B,1158459,UNASSIGNED,comcode,,,False
0011AD3C,1158460,UNASSIGNED,comcode,,,False
0011AD3D,1158461,UNASSIGNED,comcode,,,False
0011AD3E,1158462,UNASSIGNED,comcode,,,False
0011AD3F,1158463,UNASSIGNED,comcode,,,False
0011AD40,1158464,UNASSIGNED,comcode,,,False
0011AD41,1158465,UNASSIGNED,comcode,,,False
0011AD42,1158466,UNASSIGNED,comcode,,,False
0011AD43,1158467,UNASSIGNED,comcode,,,False
0011AD44,1158468,UNASSIGNED,comcode,,,False
0011AD45,1158469,UNASSIGNED,comcode,,,False
0011AD46,1158470,UNASSIGNED,comcode,,,False
0011AD47,1158471,UNASSIGNED,comcode,,,False
0011AD48,1158472,UNASSIGNED,comcode,,,False
0011AD49,1158473,UNASSIGNED,comcode,,,False
0011AD4A,1158474,UNASSIGNED,comcode,,,False
0011AD4B,1158475,UNASSIGNED,comcode,,,False
0011AD4C,1158476,UNASSIGNED,comcode,,,False
0011AD4D,1158477,UNASSIGNED,comcode,,,False
0011AD4E,1158478,UNASSIGNED,comcode,,,False
0011AD4F,1158479,UNASSIGNED,comcode,,,False
0011AD50,1158480,UNASSIGNED,comcode,,,False
0011AD51,1158481,UNASSIGNED,comcode,,,False
0011AD52,1158482,UNASSIGNED,comcode,,,False
0011AD53,1158483,UNASSIGNED,comcode,,,False
0011AD54,1158484,UNASSIGNED,comcode,,,False
0011AD55,1158485,UNASSIGNED,comcode,,,False
0011AD56,1158486,UNASSIGNED,comcode,,,False
0011AD57,1158487,UNASSIGNED,comcode,,,False
0011AD58,1158488,UNASSIGNED,comcode,,,False
0011AD59,1158489,UNASSIGNED,comcode,,,False
0011AD5A,1158490,UNASSIGNED,comcode,,,False
0011AD5B,1158491,UNASSIGNED,comcode,,,False
0011AD5C,1158492,UNASSIGNED,comcode,,,False
0011AD5D,1158493,UNASSIGNED,comcode,,,False
0011AD5E,1158494,UNASSIGNED,comcode,,,False
0011AD5F,1158495,UNASSIGNED,comcode,,,False
0011AD60,1158496,UNASSIGNED,comcode,,,False
0011AD61,1158497,UNASSIGNED,comcode,,,False
0011AD62,1158498,UNASSIGNED,comcode,,,False
0011AD63,1158499,UNASSIGNED,comcode,,,False
0011AD64,1158500,UNASSIGNED,comcode,,,False
0011AD65,1158501,UNASSIGNED,comcode,,,False
0011AD66,1158502,UNASSIGNED,comcode,,,False
0011AD67,1158503,UNASSIGNED,comcode,,,False
0011AD68,1158504,UNASSIGNED,comcode,,,False
0011AD69,1158505,UNASSIGNED,comcode,,,False
0011AD6A,1158506,UNASSIGNED,comcode,,,False
0011AD6B,1158507,UNASSIGNED,comcode,,,False
0011AD6C,1158508,UNASSIGNED,comcode,,,False
0011AD6D,1158509,UNASSIGNED,comcode,,,False
0011AD6E,1158510,UNASSIGNED,comcode,,,False
0011AD6F,1158511,UNASSIGNED,comcode,,,False
0011AD70,1158512,UNASSIGNED,comcode,,,False
0011AD71,1158513,UNASSIGNED,comcode,,,False
0011AD72,1158514,UNASSIGNED,comcode,,,False
0011AD73,1158515,UNASSIGNED,comcode,,,False
0011AD74,1158516,UNASSIGNED,comcode,,,False
0011AD75,1158517,UNASSIGNED,comcode,,,False
0011AD76,1158518,UNASSIGNED,comcode,,,False
0011AD77,1158519,UNASSIGNED,comcode,,,False
0011AD78,1158520,UNASSIGNED,comcode,,,False
0011AD79,1158521,UNASSIGNED,comcode,,,False
0011AD7A,1158522,UNASSIGNED,comcode,,,False
0011AD7B,1158523,UNASSIGNED,comcode,,,False
0011AD7C,1158524,UNASSIGNED,comcode,,,False
0011AD7D,1158525,UNASSIGNED,comcode,,,False
0011AD7E,1158526,UNASSIGNED,comcode,,,False
0011AD7F,1158527,UNASSIGNED,comcode,,,False
0011AD80,1158528,UNASSIGNED,comcode,,,False
0011AD81,1158529,UNASSIGNED,comcode,,,False
0011AD82,1158530,UNASSIGNED,comcode,,,False
0011AD83,1158531,UNASSIGNED,comcode,,,False
0011AD84,1158532,UNASSIGNED,comcode,,,False
0011AD85,1158533,UNASSIGNED,comcode,,,False
0011AD86,1158534,UNASSIGNED,comcode,,,False
0011AD87,1158535,UNASSIGNED,comcode,,,False
0011AD88,1158536,UNASSIGNED,comcode,,,False
0011AD89,1158537,UNASSIGNED,comcode,,,False
0011AD8A,1158538,UNASSIGNED,comcode,,,False
0011AD8B,1158539,UNASSIGNED,comcode,,,False
0011AD8C,1158540,UNASSIGNED,comcode,,,False
0011AD8D,1158541,UNASSIGNED,comcode,,,False
0011AD8E,1158542,UNASSIGNED,comcode,,,False
0011AD8F,1158543,UNASSIGNED,comcode,,,False
0011AD90,1158544,UNASSIGNED,comcode,,,False
0011AD91,1158545,UNASSIGNED,comcode,,,False
0011AD92,1158546,UNASSIGNED,comcode,,,False
0011AD93,1158547,UNASSIGNED,comcode,,,False
0011AD94,1158548,UNASSIGNED,comcode,,,False
0011AD95,1158549,UNASSIGNED,comcode,,,False
0011AD96,1158550,UNASSIGNED,comcode,,,False
0011AD97,1158551,UNASSIGNED,comcode,,,False
0011AD98,1158552,UNASSIGNED,comcode,,,False
0011AD99,1158553,UNASSIGNED,comcode,,,False
0011AD9A,1158554,UNASSIGNED,comcode,,,False
0011AD9B,1158555,UNASSIGNED,comcode,,,False
0011AD9C,1158556,UNASSIGNED,comcode,,,False
0011AD9D,1158557,UNASSIGNED,comcode,,,False
0011AD9E,1158558,UNASSIGNED,comcode,,,False
0011AD9F,1158559,UNASSIGNED,comcode,,,False
0011ADA0,1158560,UNASSIGNED,comcode,,,False
0011ADA1,1158561,UNASSIGNED,comcode,,,False
0011ADA2,1158562,UNASSIGNED,comcode,,,False
0011ADA3,1158563,UNASSIGNED,comcode,,,False
0011ADA4,1158564,UNASSIGNED,comcode,,,False
0011ADA5,1158565,UNASSIGNED,comcode,,,False
0011ADA6,1158566,UNASSIGNED,comcode,,,False
0011ADA7,1158567,UNASSIGNED,comcode,,,False
0011ADA8,1158568,UNASSIGNED,comcode,,,False
0011ADA9,1158569,UNASSIGNED,comcode,,,False
0011ADAA,1158570,UNASSIGNED,comcode,,,False
0011ADAB,1158571,UNASSIGNED,comcode,,,False
0011ADAC,1158572,UNASSIGNED,comcode,,,False
0011ADAD,1158573,UNASSIGNED,comcode,,,False
0011ADAE,1158574,UNASSIGNED,comcode,,,False
0011ADAF,1158575,UNASSIGNED,comcode,,,False
0011ADB0,1158576,UNASSIGNED,comcode,,,False
0011ADB1,1158577,UNASSIGNED,comcode,,,False
0011ADB2,1158578,UNASSIGNED,comcode,,,False
0011ADB3,1158579,UNASSIGNED,comcode,,,False
0011ADB4,1158580,UNASSIGNED,comcode,,,False
0011ADB5,1158581,UNASSIGNED,comcode,,,False
0011ADB6,1158582,UNASSIGNED,comcode,,,False
0011ADB7,1158583,UNASSIGNED,comcode,,,False
0011ADB8,1158584,UNASSIGNED,comcode,,,False
0011ADB9,1158585,UNASSIGNED,comcode,,,False
0011ADBA,1158586,UNASSIGNED,comcode,,,False
0011ADBB,1158587,UNASSIGNED,comcode,,,False
0011ADBC,1158588,UNASSIGNED,comcode,,,False
0011ADBD,1158589,UNASSIGNED,comcode,,,False
0011ADBE,1158590,UNASSIGNED,comcode,,,False
0011ADBF,1158591,UNASSIGNED,comcode,,,False
0011ADC0,1158592,UNASSIGNED,comcode,,,False
0011ADC1,1158593,UNASSIGNED,comcode,,,False
0011ADC2,1158594,UNASSIGNED,comcode,,,False
0011ADC3,1158595,UNASSIGNED,comcode,,,False
0011ADC4,1158596,UNASSIGNED,comcode,,,False
0011ADC5,1158597,UNASSIGNED,comcode,,,False
0011ADC6,1158598,UNASSIGNED,comcode,,,False
0011ADC7,1158599,UNASSIGNED,comcode,,,False
0011ADC8,1158600,UNASSIGNED,comcode,,,False
0011ADC9,1158601,UNASSIGNED,comcode,,,False
0011ADCA,1158602,UNASSIGNED,comcode,,,False
0011ADCB,1158603,UNASSIGNED,comcode,,,False
0011ADCC,1158604,UNASSIGNED,comcode,,,False
0011ADCD,1158605,UNASSIGNED,comcode,,,False
0011ADCE,1158606,UNASSIGNED,comcode,,,False
0011ADCF,1158607,UNASSIGNED,comcode,,,False
0011ADD0,1158608,UNASSIGNED,comcode,,,False
0011ADD1,1158609,UNASSIGNED,comcode,,,False
0011ADD2,1158610,UNASSIGNED,comcode,,,False
0011ADD3,1158611,UNASSIGNED,comcode,,,False
0011ADD4,1158612,UNASSIGNED,comcode,,,False
0011ADD5,1158613,UNASSIGNED,comcode,,,False
0011ADD6,1158614,UNASSIGNED,comcode,,,False
0011ADD7,1158615,UNASSIGNED,comcode,,,False
0011ADD8,1158616,UNASSIGNED,comcode,,,False
0011ADD9,1158617,UNASSIGNED,comcode,,,False
0011ADDA,1158618,UNASSIGNED,comcode,,,False
0011ADDB,1158619,UNASSIGNED,comcode,,,False
0011ADDC,1158620,UNASSIGNED,comcode,,,False
0011ADDD,1158621,UNASSIGNED,comcode,,,False
0011ADDE,1158622,UNASSIGNED,comcode,,,False
0011ADDF,1158623,UNASSIGNED,comcode,,,False
0011ADE0,1158624,UNASSIGNED,comcode,,,False
0011ADE1,1158625,UNASSIGNED,comcode,,,False
0011ADE2,1158626,UNASSIGNED,comcode,,,False
0011ADE3,1158627,UNASSIGNED,comcode,,,False
0011ADE4,1158628,UNASSIGNED,comcode,,,False
0011ADE5,1158629,UNASSIGNED,comcode,,,False
0011ADE6,1158630,UNASSIGNED,comcode,,,False
0011ADE7,1158631,UNASSIGNED,comcode,,,False
0011ADE8,1158632,UNASSIGNED,comcode,,,False
0011ADE9,1158633,UNASSIGNED,comcode,,,False
0011ADEA,1158634,UNASSIGNED,comcode,,,False
0011ADEB,1158635,UNASSIGNED,comcode,,,False
0011ADEC,1158636,UNASSIGNED,comcode,,,False
0011ADED,1158637,UNASSIGNED,comcode,,,False
0011ADEE,1158638,UNASSIGNED,comcode,,,False
0011ADEF,1158639,UNASSIGNED,comcode,,,False
0011ADF0,1158640,UNASSIGNED,comcode,,,False
0011ADF1,1158641,UNASSIGNED,comcode,,,False
0011ADF2,1158642,UNASSIGNED,comcode,,,False
0011ADF3,1158643,UNASSIGNED,comcode,,,False
0011ADF4,1158644,UNASSIGNED,comcode,,,False
0011ADF5,1158645,UNASSIGNED,comcode,,,False
0011ADF6,1158646,UNASSIGNED,comcode,,,False
0011ADF7,1158647,UNASSIGNED,comcode,,,False
0011ADF8,1158648,UNASSIGNED,comcode,,,False
0011ADF9,1158649,UNASSIGNED,comcode,,,False
0011ADFA,1158650,UNASSIGNED,comcode,,,False
0011ADFB,1158651,UNASSIGNED,comcode,,,False
0011ADFC,1158652,UNASSIGNED,comcode,,,False
0011ADFD,1158653,UNASSIGNED,comcode,,,False
0011ADFE,1158654,UNASSIGNED,comcode,,,False
0011ADFF,1158655,UNASSIGNED,comcode,,,False
0011AE00,1158656,UNASSIGNED,softcode,,,False
0011AE01,1158657,UNASSIGNED,softcode,,,False
0011AE02,1158658,UNASSIGNED,softcode,,,False
0011AE03,1158659,UNASSIGNED,softcode,,,False
0011AE04,1158660,UNASSIGNED,softcode,,,False
0011AE05,1158661,UNASSIGNED,softcode,,,False
0011AE06,1158662,UNASSIGNED,softcode,,,False
0011AE07,1158663,UNASSIGNED,softcode,,,False
0011AE08,1158664,UNASSIGNED,softcode,,,False
0011AE09,1158665,UNASSIGNED,softcode,,,False
0011AE0A,1158666,UNASSIGNED,softcode,,,False
0011AE0B,1158667,UNASSIGNED,softcode,,,False
0011AE0C,1158668,UNASSIGNED,softcode,,,False
0011AE0D,1158669,UNASSIGNED,softcode,,,False
0011AE0E,1158670,UNASSIGNED,softcode,,,False
0011AE0F,1158671,UNASSIGNED,softcode,,,False
0011AE10,1158672,UNASSIGNED,softcode,,,False
0011AE11,1158673,UNASSIGNED,softcode,,,False
0011AE12,1158674,UNASSIGNED,softcode,,,False
0011AE13,1158675,UNASSIGNED,softcode,,,False
0011AE14,1158676,UNASSIGNED,softcode,,,False
0011AE15,1158677,UNASSIGNED,softcode,,,False
0011AE16,1158678,UNASSIGNED,softcode,,,False
0011AE17,1158679,UNASSIGNED,softcode,,,False
0011AE18,1158680,UNASSIGNED,softcode,,,False
0011AE19,1158681,UNASSIGNED,softcode,,,False
0011AE1A,1158682,UNASSIGNED,softcode,,,False
0011AE1B,1158683,UNASSIGNED,softcode,,,False
0011AE1C,1158684,UNASSIGNED,softcode,,,False
0011AE1D,1158685,UNASSIGNED,softcode,,,False
0011AE1E,1158686,UNASSIGNED,softcode,,,False
0011AE1F,1158687,UNASSIGNED,softcode,,,False
0011AE20,1158688,UNASSIGNED,softcode,,,False
0011AE21,1158689,UNASSIGNED,softcode,,,False
0011AE22,1158690,UNASSIGNED,softcode,,,False
0011AE23,1158691,UNASSIGNED,softcode,,,False
0011AE24,1158692,UNASSIGNED,softcode,,,False
0011AE25,1158693,UNASSIGNED,softcode,,,False
0011AE26,1158694,UNASSIGNED,softcode,,,False
0011AE27,1158695,UNASSIGNED,softcode,,,False
0011AE28,1158696,UNASSIGNED,softcode,,,False
0011AE29,1158697,UNASSIGNED,softcode,,,False
0011AE2A,1158698,UNASSIGNED,softcode,,,False
0011AE2B,1158699,UNASSIGNED,softcode,,,False
0011AE2C,1158700,UNASSIGNED,softcode,,,False
0011AE2D,1158701,UNASSIGNED,softcode,,,False
0011AE2E,1158702,UNASSIGNED,softcode,,,False
0011AE2F,1158703,UNASSIGNED,softcode,,,False
0011AE30,1158704,UNASSIGNED,softcode,,,False
0011AE31,1158705,UNASSIGNED,softcode,,,False
0011AE32,1158706,UNASSIGNED,softcode,,,False
0011AE33,1158707,UNASSIGNED,softcode,,,False
0011AE34,1158708,UNASSIGNED,softcode,,,False
0011AE35,1158709,UNASSIGNED,softcode,,,False
0011AE36,1158710,UNASSIGNED,softcode,,,False
0011AE37,1158711,UNASSIGNED,softcode,,,False
0011AE38,1158712,UNASSIGNED,softcode,,,False
0011AE39,1158713,UNASSIGNED,softcode,,,False
0011AE3A,1158714,UNASSIGNED,softcode,,,False
0011AE3B,1158715,UNASSIGNED,softcode,,,False
0011AE3C,1158716,UNASSIGNED,softcode,,,False
0011AE3D,1158717,UNASSIGNED,softcode,,,False
0011AE3E,1158718,UNASSIGNED,softcode,,,False
0011AE3F,1158719,UNASSIGNED,softcode,,,False
0011AE40,1158720,UNASSIGNED,softcode,,,False
0011AE41,1158721,UNASSIGNED,softcode,,,False
0011AE42,1158722,UNASSIGNED,softcode,,,False
0011AE43,1158723,UNASSIGNED,softcode,,,False
0011AE44,1158724,UNASSIGNED,softcode,,,False
0011AE45,1158725,UNASSIGNED,softcode,,,False
0011AE46,1158726,UNASSIGNED,softcode,,,False
0011AE47,1158727,UNASSIGNED,softcode,,,False
0011AE48,1158728,UNASSIGNED,softcode,,,False
0011AE49,1158729,UNASSIGNED,softcode,,,False
0011AE4A,1158730,UNASSIGNED,softcode,,,False
0011AE4B,1158731,UNASSIGNED,softcode,,,False
0011AE4C,1158732,UNASSIGNED,softcode,,,False
0011AE4D,1158733,UNASSIGNED,softcode,,,False
0011AE4E,1158734,UNASSIGNED,softcode,,,False
0011AE4F,1158735,UNASSIGNED,softcode,,,False
0011AE50,1158736,UNASSIGNED,softcode,,,False
0011AE51,1158737,UNASSIGNED,softcode,,,False
0011AE52,1158738,UNASSIGNED,softcode,,,False
0011AE53,1158739,UNASSIGNED,softcode,,,False
0011AE54,1158740,UNASSIGNED,softcode,,,False
0011AE55,1158741,UNASSIGNED,softcode,,,False
0011AE56,1158742,UNASSIGNED,softcode,,,False
0011AE57,1158743,UNASSIGNED,softcode,,,False
0011AE58,1158744,UNASSIGNED,softcode,,,False
0011AE59,1158745,UNASSIGNED,softcode,,,False
0011AE5A,1158746,UNASSIGNED,softcode,,,False
0011AE5B,1158747,UNASSIGNED,softcode,,,False
0011AE5C,1158748,UNASSIGNED,softcode,,,False
0011AE5D,1158749,UNASSIGNED,softcode,,,False
0011AE5E,1158750,UNASSIGNED,softcode,,,False
0011AE5F,1158751,UNASSIGNED,softcode,,,False
0011AE60,1158752,UNASSIGNED,softcode,,,False
0011AE61,1158753,UNASSIGNED,softcode,,,False
0011AE62,1158754,UNASSIGNED,softcode,,,False
0011AE63,1158755,UNASSIGNED,softcode,,,False
0011AE64,1158756,UNASSIGNED,softcode,,,False
0011AE65,1158757,UNASSIGNED,softcode,,,False
0011AE66,1158758,UNASSIGNED,softcode,,,False
0011AE67,1158759,UNASSIGNED,softcode,,,False
0011AE68,1158760,UNASSIGNED,softcode,,,False
0011AE69,1158761,UNASSIGNED,softcode,,,False
0011AE6A,1158762,UNASSIGNED,softcode,,,False
0011AE6B,1158763,UNASSIGNED,softcode,,,False
0011AE6C,1158764,UNASSIGNED,softcode,,,False
0011AE6D,1158765,UNASSIGNED,softcode,,,False
0011AE6E,1158766,UNASSIGNED,softcode,,,False
0011AE6F,1158767,UNASSIGNED,softcode,,,False
0011AE70,1158768,UNASSIGNED,softcode,,,False
0011AE71,1158769,UNASSIGNED,softcode,,,False
0011AE72,1158770,UNASSIGNED,softcode,,,False
0011AE73,1158771,UNASSIGNED,softcode,,,False
0011AE74,1158772,UNASSIGNED,softcode,,,False
0011AE75,1158773,UNASSIGNED,softcode,,,False
0011AE76,1158774,UNASSIGNED,softcode,,,False
0011AE77,1158775,UNASSIGNED,softcode,,,False
0011AE78,1158776,UNASSIGNED,softcode,,,False
0011AE79,1158777,UNASSIGNED,softcode,,,False
0011AE7A,1158778,UNASSIGNED,softcode,,,False
0011AE7B,1158779,UNASSIGNED,softcode,,,False
0011AE7C,1158780,UNASSIGNED,softcode,,,False
0011AE7D,1158781,UNASSIGNED,softcode,,,False
0011AE7E,1158782,UNASSIGNED,softcode,,,False
0011AE7F,1158783,UNASSIGNED,softcode,,,False
0011AE80,1158784,UNASSIGNED,softcode,,,False
0011AE81,1158785,UNASSIGNED,softcode,,,False
0011AE82,1158786,UNASSIGNED,softcode,,,False
0011AE83,1158787,UNASSIGNED,softcode,,,False
0011AE84,1158788,UNASSIGNED,softcode,,,False
0011AE85,1158789,UNASSIGNED,softcode,,,False
0011AE86,1158790,UNASSIGNED,softcode,,,False
0011AE87,1158791,UNASSIGNED,softcode,,,False
0011AE88,1158792,UNASSIGNED,softcode,,,False
0011AE89,1158793,UNASSIGNED,softcode,,,False
0011AE8A,1158794,UNASSIGNED,softcode,,,False
0011AE8B,1158795,UNASSIGNED,softcode,,,False
0011AE8C,1158796,UNASSIGNED,softcode,,,False
0011AE8D,1158797,UNASSIGNED,softcode,,,False
0011AE8E,1158798,UNASSIGNED,softcode,,,False
0011AE8F,1158799,UNASSIGNED,softcode,,,False
0011AE90,1158800,UNASSIGNED,softcode,,,False
0011AE91,1158801,UNASSIGNED,softcode,,,False
0011AE92,1158802,UNASSIGNED,softcode,,,False
0011AE93,1158803,UNASSIGNED,softcode,,,False
0011AE94,1158804,UNASSIGNED,softcode,,,False
0011AE95,1158805,UNASSIGNED,softcode,,,False
0011AE96,1158806,UNASSIGNED,softcode,,,False
0011AE97,1158807,UNASSIGNED,softcode,,,False
0011AE98,1158808,UNASSIGNED,softcode,,,False
0011AE99,1158809,UNASSIGNED,softcode,,,False
0011AE9A,1158810,UNASSIGNED,softcode,,,False
0011AE9B,1158811,UNASSIGNED,softcode,,,False
0011AE9C,1158812,UNASSIGNED,softcode,,,False
0011AE9D,1158813,UNASSIGNED,softcode,,,False
0011AE9E,1158814,UNASSIGNED,softcode,,,False
0011AE9F,1158815,UNASSIGNED,softcode,,,False
0011AEA0,1158816,UNASSIGNED,softcode,,,False
0011AEA1,1158817,UNASSIGNED,softcode,,,False
0011AEA2,1158818,UNASSIGNED,softcode,,,False
0011AEA3,1158819,UNASSIGNED,softcode,,,False
0011AEA4,1158820,UNASSIGNED,softcode,,,False
0011AEA5,1158821,UNASSIGNED,softcode,,,False
0011AEA6,1158822,UNASSIGNED,softcode,,,False
0011AEA7,1158823,UNASSIGNED,softcode,,,False
0011AEA8,1158824,UNASSIGNED,softcode,,,False
0011AEA9,1158825,UNASSIGNED,softcode,,,False
0011AEAA,1158826,UNASSIGNED,softcode,,,False
0011AEAB,1158827,UNASSIGNED,softcode,,,False
0011AEAC,1158828,UNASSIGNED,softcode,,,False
0011AEAD,1158829,UNASSIGNED,softcode,,,False
0011AEAE,1158830,UNASSIGNED,softcode,,,False
0011AEAF,1158831,UNASSIGNED,softcode,,,False
0011AEB0,1158832,UNASSIGNED,softcode,,,False
0011AEB1,1158833,UNASSIGNED,softcode,,,False
0011AEB2,1158834,UNASSIGNED,softcode,,,False
0011AEB3,1158835,UNASSIGNED,softcode,,,False
0011AEB4,1158836,UNASSIGNED,softcode,,,False
0011AEB5,1158837,UNASSIGNED,softcode,,,False
0011AEB6,1158838,UNASSIGNED,softcode,,,False
0011AEB7,1158839,UNASSIGNED,softcode,,,False
0011AEB8,1158840,UNASSIGNED,softcode,,,False
0011AEB9,1158841,UNASSIGNED,softcode,,,False
0011AEBA,1158842,UNASSIGNED,softcode,,,False
0011AEBB,1158843,UNASSIGNED,softcode,,,False
0011AEBC,1158844,UNASSIGNED,softcode,,,False
0011AEBD,1158845,UNASSIGNED,softcode,,,False
0011AEBE,1158846,UNASSIGNED,softcode,,,False
0011AEBF,1158847,UNASSIGNED,softcode,,,False
0011AEC0,1158848,UNASSIGNED,softcode,,,False
0011AEC1,1158849,UNASSIGNED,softcode,,,False
0011AEC2,1158850,UNASSIGNED,softcode,,,False
0011AEC3,1158851,UNASSIGNED,softcode,,,False
0011AEC4,1158852,UNASSIGNED,softcode,,,False
0011AEC5,1158853,UNASSIGNED,softcode,,,False
0011AEC6,1158854,UNASSIGNED,softcode,,,False
0011AEC7,1158855,UNASSIGNED,softcode,,,False
0011AEC8,1158856,UNASSIGNED,softcode,,,False
0011AEC9,1158857,UNASSIGNED,softcode,,,False
0011AECA,1158858,UNASSIGNED,softcode,,,False
0011AECB,1158859,UNASSIGNED,softcode,,,False
0011AECC,1158860,UNASSIGNED,softcode,,,False
0011AECD,1158861,UNASSIGNED,softcode,,,False
0011AECE,1158862,UNASSIGNED,softcode,,,False
0011AECF,1158863,UNASSIGNED,softcode,,,False
0011AED0,1158864,UNASSIGNED,softcode,,,False
0011AED1,1158865,UNASSIGNED,softcode,,,False
0011AED2,1158866,UNASSIGNED,softcode,,,False
0011AED3,1158867,UNASSIGNED,softcode,,,False
0011AED4,1158868,UNASSIGNED,softcode,,,False
0011AED5,1158869,UNASSIGNED,softcode,,,False
0011AED6,1158870,UNASSIGNED,softcode,,,False
0011AED7,1158871,UNASSIGNED,softcode,,,False
0011AED8,1158872,UNASSIGNED,softcode,,,False
0011AED9,1158873,UNASSIGNED,softcode,,,False
0011AEDA,1158874,UNASSIGNED,softcode,,,False
0011AEDB,1158875,UNASSIGNED,softcode,,,False
0011AEDC,1158876,UNASSIGNED,softcode,,,False
0011AEDD,1158877,UNASSIGNED,softcode,,,False
0011AEDE,1158878,UNASSIGNED,softcode,,,False
0011AEDF,1158879,UNASSIGNED,softcode,,,False
0011AEE0,1158880,UNASSIGNED,softcode,,,False
0011AEE1,1158881,UNASSIGNED,softcode,,,False
0011AEE2,1158882,UNASSIGNED,softcode,,,False
0011AEE3,1158883,UNASSIGNED,softcode,,,False
0011AEE4,1158884,UNASSIGNED,softcode,,,False
0011AEE5,1158885,UNASSIGNED,softcode,,,False
0011AEE6,1158886,UNASSIGNED,softcode,,,False
0011AEE7,1158887,UNASSIGNED,softcode,,,False
0011AEE8,1158888,UNASSIGNED,softcode,,,False
0011AEE9,1158889,UNASSIGNED,softcode,,,False
0011AEEA,1158890,UNASSIGNED,softcode,,,False
0011AEEB,1158891,UNASSIGNED,softcode,,,False
0011AEEC,1158892,UNASSIGNED,softcode,,,False
0011AEED,1158893,UNASSIGNED,softcode,,,False
0011AEEE,1158894,UNASSIGNED,softcode,,,False
0011AEEF,1158895,UNASSIGNED,softcode,,,False
0011AEF0,1158896,UNASSIGNED,softcode,,,False
0011AEF1,1158897,UNASSIGNED,softcode,,,False
0011AEF2,1158898,UNASSIGNED,softcode,,,False
0011AEF3,1158899,UNASSIGNED,softcode,,,False
0011AEF4,1158900,UNASSIGNED,softcode,,,False
0011AEF5,1158901,UNASSIGNED,softcode,,,False
0011AEF6,1158902,UNASSIGNED,softcode,,,False
0011AEF7,1158903,UNASSIGNED,softcode,,,False
0011AEF8,1158904,UNASSIGNED,softcode,,,False
0011AEF9,1158905,UNASSIGNED,softcode,,,False
0011AEFA,1158906,UNASSIGNED,softcode,,,False
0011AEFB,1158907,UNASSIGNED,softcode,,,False
0011AEFC,1158908,UNASSIGNED,softcode,,,False
0011AEFD,1158909,UNASSIGNED,softcode,,,False
0011AEFE,1158910,UNASSIGNED,softcode,,,False
0011AEFF,1158911,UNASSIGNED,softcode,,,False
